Year,Team,Position,Player,MLB_Team,Price,Money_Left,Money_Spent
2011,Forest Rangers,C,Geovany Soto,Chi,12.0,,
2011,Forest Rangers,1B,Prince Fielder,Mil,62.0,,
2011,Forest Rangers,2B,Rickie Weeks,Mil,67.0,,
2011,Forest Rangers,SS,Hanley Ramirez,Fla,70.0,,
2011,Forest Rangers,3B,Pedro Alvarez,Pit,15.0,,
2011,Forest Rangers,OF,Corey Hart,Mil,4.0,,
2011,Forest Rangers,OF,Logan Morrison,Fla,1.0,,
2011,Forest Rangers,OF,Colby Rasmus,StL,3.0,,
2011,Forest Rangers,SP,Shaun Marcum,Mil,2.0,,
2011,Forest Rangers,SP,Chad Billingsley,LA,1.0,,
2011,Forest Rangers,SP,Jonathan Sanchez,SF,1.0,,
2011,Forest Rangers,SP / RP,Huston Street,Col,10.0,,
2011,Forest Rangers,RP,John Axford,Mil,12.0,,
2011,Bert's Bombers,C,Chris Iannetta,Col,34.0,,
2011,Bert's Bombers,1B,Aubry Huff,SF,2.0,,
2011,Bert's Bombers,2B,Brandon Phillips,Cin,15.0,,
2011,Bert's Bombers,SS,Jimmy Roillins,Phi,1.0,,
2011,Bert's Bombers,3B,Pable Sandoval,SF,1.0,,
2011,Bert's Bombers,OF,Matt Kemp,LA,43.0,,
2011,Bert's Bombers,OF,Andre Ethier,LA,32.0,,
2011,Bert's Bombers,OF,Mike Stanton,Fla,25.0,,
2011,Bert's Bombers,SP,Tim Lincecum,SF,62.0,,
2011,Bert's Bombers,SP,Yovani Gallardo,Mil,20.0,,
2011,Bert's Bombers,SP,Zack Greinke,Mil,14.0,,
2011,Bert's Bombers,SP / RP,Jonathan Broxton,LA,6.0,,
2011,Bert's Bombers,RP,Brad Lidge,Phi,5.0,,
2011,Charlie's Stars,C,Yadier Molina,StL,10.0,,
2011,Charlie's Stars,1B,Adam LaRoche,Was,1.0,,
2011,Charlie's Stars,2B,Juan Uribe,LA,1.0,,
2011,Charlie's Stars,SS,Miguel Tejada,SF,1.0,,
2011,Charlie's Stars,3B,Ryan Zimmerman,Was,50.0,,
2011,Charlie's Stars,OF,Carlos Gonzalez,Col,73.0,,
2011,Charlie's Stars,OF,Jayson Werth,Was,41.0,,
2011,Charlie's Stars,OF,Hunter Pence,Hou,11.0,,
2011,Charlie's Stars,SP,Ubaldo Jimenez,Col,27.0,,
2011,Charlie's Stars,SP,Ricky Nolasco,Fla,2.0,,
2011,Charlie's Stars,SP,Matt Garza,Chi,6.0,,
2011,Charlie's Stars,SP / RP,Brandon Lyon,Hou,1.0,,
2011,Charlie's Stars,RP,Brian Wilson,SF,36.0,,
2011,Ryan's Lions,C,Brian McCann,Atl,30.0,,
2011,Ryan's Lions,1B,Gabby Sanchez,Fla,1.0,,
2011,Ryan's Lions,2B,Orlando Hudson,SD,3.0,,
2011,Ryan's Lions,SS,Alex Gonzalez,Atl,6.0,,
2011,Ryan's Lions,3B,Casey McGehee,Mil,34.0,,
2011,Ryan's Lions,OF,Jason Bay,NYM,5.0,,
2011,Ryan's Lions,OF,Andrew McCutchen,Pit,35.0,,
2011,Ryan's Lions,OF,Angle Pagan,NYM,10.0,,
2011,Ryan's Lions,SP,Roy Halladay,Phi,54.0,,
2011,Ryan's Lions,SP,Cliff Lee,Phi,34.0,,
2011,Ryan's Lions,SP,Clayton Kershaw,LA,31.0,,
2011,Ryan's Lions,SP / RP,Derek Lowe,Atl,2.0,,
2011,Ryan's Lions,RP,Ryan Franklin,StL,15.0,,
2011,David's Devils,C,John Buck,Fla,2.0,,
2011,David's Devils,1B,Joey Votto,Cin,70.0,,
2011,David's Devils,2B,Chase Utley,Phi,1.0,,
2011,David's Devils,SS,Rafael Furcal,LA,1.0,,
2011,David's Devils,3B,David Wright,NYM,83.0,,
2011,David's Devils,OF,Shane Victorino,Phi,6.0,,
2011,David's Devils,OF,Carlos Lee,Hou,1.0,,
2011,David's Devils,OF,Martin Prado,Atl,1.0,,
2011,David's Devils,SP,Cole Hamels,Phi,22.0,,
2011,David's Devils,SP,Tommy Hansen,Atl,1.0,,
2011,David's Devils,SP,Ryan Dempster,Chi,10.0,,
2011,David's Devils,SP / RP,Carlos Marmol,Chi,32.0,,
2011,David's Devils,RP,Francisco Rodriguez,NYM,30.0,,
2011,Chips Acoy,C,Miguel Montero,Ari,1.0,,
2011,Chips Acoy,1B,Carlos Pena,Chi,1.0,,
2011,Chips Acoy,2B,Dan Uggla,Atl,35.0,,
2011,Chips Acoy,SS,Jose Reyes,NYM,35.0,,
2011,Chips Acoy,3B,Ian Stewart,Col,1.0,,
2011,Chips Acoy,OF,Matt Holliday,StL,65.0,,
2011,Chips Acoy,OF,Justin Upton,Ari,36.0,,
2011,Chips Acoy,OF,Jay Bruce,Cin,31.0,,
2011,Chips Acoy,SP,Josh Johnson,Fla,23.0,,
2011,Chips Acoy,SP,Mat Latos,SD,4.0,,
2011,Chips Acoy,SP,Chris Carpenter,StL,15.0,,
2011,Chips Acoy,SP / RP,Joel Hanrahan,Pit,1.0,,
2011,Chips Acoy,RP,J.J. Putz,Ari,12.0,,
2011,Jake's Snakes,C,Josh Thole,NYM,1.0,,
2011,Jake's Snakes,1B,Albert Pujols,StL,91.0,,
2011,Jake's Snakes,2B,Neil Walker,Pit,1.0,,
2011,Jake's Snakes,SS,Troy Tulowitzki,Col,56.0,,
2011,Jake's Snakes,3B,Aramis Ramirez,Chi,4.0,,
2011,Jake's Snakes,OF,Ryan Braun,Mil,85.0,,
2011,Jake's Snakes,OF,Drew Stubbs,Cin,1.0,,
2011,Jake's Snakes,OF,Carlos Beltran,NYM,1.0,,
2011,Jake's Snakes,SP,Matt Cain,SF,14.0,,
2011,Jake's Snakes,SP,Bret Myers,Hou,1.0,,
2011,Jake's Snakes,SP,R.A. Dickey,NYM,1.0,,
2011,Jake's Snakes,SP / RP,Leo Nunez,Fla,1.0,,
2011,Jake's Snakes,RP,Drew Storen,Was,3.0,,
2011,Jon's Generals,C,Buster Posey,SF,41.0,,
2011,Jon's Generals,1B,Ryan Howard,Phi,51.0,,
2011,Jon's Generals,2B,Kelly Johnson,Ari,16.0,,
2011,Jon's Generals,SS,Stephen Drew,Ari,25.0,,
2011,Jon's Generals,3B,Scott Rolen,Phi,1.0,,
2011,Jon's Generals,OF,Jason Heyward,Atl,20.0,,
2011,Jon's Generals,OF,Chris Young,Ari,24.0,,
2011,Jon's Generals,OF,Andres Torres,SF,12.0,,
2011,Jon's Generals,SP,Roy Oswalt,Phi,18.0,,
2011,Jon's Generals,SP,Bronson Arroyo,Cin,1.0,,
2011,Jon's Generals,SP,Wandy Rodriguez,Hou,2.0,,
2011,Jon's Generals,SP / RP,Francisco Cordero,Cin,13.0,,
2011,Jon's Generals,RP,Heath Bell,SD,36.0,,
2012,Forest Rangers,C,Miguel Montero,Ari,31.0,159.0,101.0
2012,Forest Rangers,1B,Ike Davis,NYM,1.0,23.0,237.0
2012,Forest Rangers,2B,Danny Espinosa,Was,2.0,24.0,236.0
2012,Forest Rangers,SS,Troy Tulowitski,Col,65.0,38.0,222.0
2012,Forest Rangers,3B,David Freese,StL,1.0,27.0,233.0
2012,Forest Rangers,OF,Carlos Gonzalez,Col,70.0,190.0,70.0
2012,Forest Rangers,OF,Justin Upton,Ari,56.0,103.0,157.0
2012,Forest Rangers,OF,Corey Hart,Mil,10.0,28.0,232.0
2012,Forest Rangers,SP,Madison Bumgardner,SF,6.0,17.0,243.0
2012,Forest Rangers,SP,Shaun Marcum,Mil,1.0,15.0,245.0
2012,Forest Rangers,SP,Johny Cueto,Cin,15.0,0.0,260.0
2012,Forest Rangers,SP / RP,Rafeal Betancourt,Col,1.0,16.0,244.0
2012,Forest Rangers,RP,Drew Storen,Was,1.0,26.0,234.0
2012,Bert's Bombers,C,Geovany Soto,Chi,3.0,76.0,184.0
2012,Bert's Bombers,1B,Paul Goldschmidt,Ari,16.0,0.0,260.0
2012,Bert's Bombers,2B,Rickie Weeks,Mil,40.0,194.0,66.0
2012,Bert's Bombers,SS,Rafael Furcal,StL,3.0,29.0,231.0
2012,Bert's Bombers,3B,Aramis Ramirez,Mil,6.0,57.0,203.0
2012,Bert's Bombers,OF,Michael Bourn,Atl,26.0,234.0,26.0
2012,Bert's Bombers,OF,Carlos Beltran,StL,15.0,179.0,81.0
2012,Bert's Bombers,OF,Andre Ethier,LA,13.0,63.0,197.0
2012,Bert's Bombers,SP,Cliff Lee,Phi,51.0,128.0,132.0
2012,Bert's Bombers,SP,Yovanni Gallardo,Mil,26.0,79.0,181.0
2012,Bert's Bombers,SP,Josh  Johnson,Mia,13.0,16.0,244.0
2012,Bert's Bombers,SP / RP,Heath Bell,Mia,25.0,32.0,228.0
2012,Bert's Bombers,RP,John Axford,Mil,23.0,105.0,155.0
2012,Charlie's Stars,C,Buster Posey,SF,34.0,146.0,114.0
2012,Charlie's Stars,1B,Lance Berkman,StL,39.0,107.0,153.0
2012,Charlie's Stars,2B,Chase Utley,Phi,4.0,32.0,228.0
2012,Charlie's Stars,SS,Ian Desmond,Was,1.0,16.0,244.0
2012,Charlie's Stars,3B,Pablo Sandoval,SF,30.0,77.0,183.0
2012,Charlie's Stars,OF,Matt Kemp,LA,80.0,180.0,80.0
2012,Charlie's Stars,OF,Drew Stubbs,Cin,5.0,9.0,251.0
2012,Charlie's Stars,OF,Jason Bay,NYM,9.0,0.0,260.0
2012,Charlie's Stars,SP,Matt Cain,SF,20.0,36.0,224.0
2012,Charlie's Stars,SP,Daniel Hudson,Ari,7.0,25.0,235.0
2012,Charlie's Stars,SP,Matt Garza,Chi,8.0,17.0,243.0
2012,Charlie's Stars,SP / RP,Frank Francisco,NYM,2.0,14.0,246.0
2012,Charlie's Stars,RP,Brian Wilson,SF,21.0,56.0,204.0
2012,Ryan's Lions,C,Wilson Ramos,Was,6.0,53.0,207.0
2012,Ryan's Lions,1B,Gaby Sanchez,Mia,5.0,48.0,212.0
2012,Ryan's Lions,2B,Brandon Phillips,Cim,40.0,59.0,201.0
2012,Ryan's Lions,SS,Jose Reyes,Mia,60.0,200.0,60.0
2012,Ryan's Lions,3B,Ryan Roberts,Ari,2.0,23.0,237.0
2012,Ryan's Lions,OF,Andrew McCutchen,Pit,43.0,157.0,103.0
2012,Ryan's Lions,OF,Martin Prado,Atl,2.0,46.0,214.0
2012,Ryan's Lions,OF,Jason Hayward,Atl,7.0,29.0,231.0
2012,Ryan's Lions,SP,Tim Lincecum,SF,58.0,99.0,161.0
2012,Ryan's Lions,SP,Stephen Strausberg,Was,10.0,36.0,224.0
2012,Ryan's Lions,SP,Johan Santana,NYM,1.0,25.0,235.0
2012,Ryan's Lions,SP / RP,Jason Motte,StL,23.0,0.0,260.0
2012,Ryan's Lions,RP,Javy Guerra,LA,3.0,26.0,234.0
2012,David's Devils,C,Brian McCann,Atl,30.0,110.0,150.0
2012,David's Devils,1B,Carlos Lee,Hou,10.0,34.0,226.0
2012,David's Devils,2B,Dan Uggla,Atl,42.0,218.0,42.0
2012,David's Devils,SS,Dee Gordon,LA,12.0,19.0,241.0
2012,David's Devils,3B,David Wright,NYM,41.0,177.0,83.0
2012,David's Devils,OF,Shane Victorino,Phi,26.0,44.0,216.0
2012,David's Devils,OF,Michael Morse,Was,14.0,1.0,259.0
2012,David's Devils,OF,Melky Cabrera,SF,1.0,1.0,259.0
2012,David's Devils,SP,Tommy Hanson,Atl,3.0,31.0,229.0
2012,David's Devils,SP,Gio Gonzalez,Was,2.0,17.0,243.0
2012,David's Devils,SP,Jordan Zimmerman,Was,2.0,15.0,245.0
2012,David's Devils,SP / RP,Craig Kimbrel,Atl,40.0,70.0,190.0
2012,David's Devils,RP,Jonathan Papelbon,Phi,37.0,140.0,120.0
2012,Chips Acoy,C,Jonathan LuCroy,Mil,1.0,30.0,230.0
2012,Chips Acoy,1B,Ryan Howard,Phi,3.0,104.0,156.0
2012,Chips Acoy,2B,Omar Infante,Mia,8.0,0.0,260.0
2012,Chips Acoy,SS,Zach Cozart,Cin,1.0,19.0,241.0
2012,Chips Acoy,3B,Hanley Ramirez,Mia,56.0,42.0,218.0
2012,Chips Acoy,OF,Matt Holiday,StL,50.0,151.0,109.0
2012,Chips Acoy,OF,Jayson Werth,Was,6.0,98.0,162.0
2012,Chips Acoy,OF,Alfonso Soriano,Chi,1.0,8.0,252.0
2012,Chips Acoy,SP,Roy Halladay,Phi,59.0,201.0,59.0
2012,Chips Acoy,SP,Zach Grienke,Mil,44.0,107.0,153.0
2012,Chips Acoy,SP,Mat Latos,Cin,10.0,20.0,240.0
2012,Chips Acoy,SP / RP,JJ Putz,Ari,10.0,9.0,251.0
2012,Chips Acoy,RP,Joel Hanrahan,Pit,11.0,31.0,229.0
2012,Jake's Snakes,C,Yadier Molina,StL,12.0,12.0,248.0
2012,Jake's Snakes,1B,Freddie Freeman,Atl,21.0,54.0,206.0
2012,Jake's Snakes,2B,Aaron Hill,Ari,1.0,3.0,257.0
2012,Jake's Snakes,SS,Starlin Castro,Chi,25.0,75.0,185.0
2012,Jake's Snakes,3B,Chipper Jones,Atl,1.0,4.0,256.0
2012,Jake's Snakes,OF,Giancarlo Stanton,Fla,41.0,219.0,41.0
2012,Jake's Snakes,OF,Ryan Braun,Mil,63.0,100.0,160.0
2012,Jake's Snakes,OF,Chris Young,Ari,1.0,3.0,257.0
2012,Jake's Snakes,SP,Clayton Kershaw,LA,56.0,163.0,97.0
2012,Jake's Snakes,SP,Cole Hamels,Phi,30.0,24.0,236.0
2012,Jake's Snakes,SP,Adam Wainwright,StL,7.0,5.0,255.0
2012,Jake's Snakes,SP / RP,Anibal Sanchez,Mia,1.0,2.0,258.0
2012,Jake's Snakes,RP,Brett Myers,Hou,1.0,1.0,259.0
2012,Jon's Generals,C,John Buck,Mia,1.0,13.0,247.0
2012,Jon's Generals,1B,Joey Votto,Cin,81.0,179.0,81.0
2012,Jon's Generals,2B,Neil Walker,Pit,20.0,128.0,132.0
2012,Jon's Generals,SS,Jimmy Rollins,Phi,27.0,52.0,208.0
2012,Jon's Generals,3B,Ryan Zimmerman,Was,23.0,79.0,181.0
2012,Jon's Generals,OF,Hunter Pence,Phi,31.0,148.0,112.0
2012,Jon's Generals,OF,Michael Cuddyer,Col,26.0,102.0,158.0
2012,Jon's Generals,OF,Jay Bruce,Cin,28.0,24.0,236.0
2012,Jon's Generals,SP,Ian Kennedy,Ari,10.0,14.0,246.0
2012,Jon's Generals,SP,Brandon Beachy,Atl,2.0,4.0,256.0
2012,Jon's Generals,SP,Ricky Nolasco,Mia,4.0,0.0,260.0
2012,Jon's Generals,SP / RP,Huston Street,SD,6.0,6.0,254.0
2012,Jon's Generals,RP,Carlos Marmol,Chi,1.0,12.0,248.0
2013,Forest Rangers,C,Jonathan Lucroy,Mil,1.0,39.0,221.0
2013,Forest Rangers,1B,Ike Davis,NYM,1.0,16.0,244.0
2013,Forest Rangers,2B,Rickie Weeks,Mil,1.0,17.0,243.0
2013,Forest Rangers,SS,Ian Desmond,Was,21.0,18.0,242.0
2013,Forest Rangers,3B,Ryan Zimmerman,Was,31.0,223.0,37.0
2013,Forest Rangers,OF,Bryce Harper,Was,59.0,170.0,90.0
2013,Forest Rangers,OF,Jay Bruce,Cin,40.0,73.0,187.0
2013,Forest Rangers,OF,Michael Cuddyer,Col,1.0,15.0,245.0
2013,Forest Rangers,SP,Stephen Strausburg,Was,57.0,113.0,147.0
2013,Forest Rangers,SP,Johnny Cueto,Cin,20.0,53.0,207.0
2013,Forest Rangers,SP,Jeff Samardzjia,Chi,14.0,0.0,260.0
2013,Forest Rangers,SP / RP,Jonathan Broxton,Cin,1.0,14.0,246.0
2013,Forest Rangers,RP,John Axford,Mil,13.0,40.0,220.0
2013,Bert's Bombers,C,Yadier Molina,StL,30.0,214.0,46.0
2013,Bert's Bombers,1B,Ryan Howard,Phi,16.0,244.0,16.0
2013,Bert's Bombers,2B,Dan Uggla,Atl,12.0,202.0,58.0
2013,Bert's Bombers,SS,Jimmy Rollins,Phi,14.0,188.0,72.0
2013,Bert's Bombers,3B,Chase Headley,SD,39.0,118.0,142.0
2013,Bert's Bombers,OF,Matt Holliday,StL,47.0,54.0,206.0
2013,Bert's Bombers,OF,Jason Kubel,Ari,1.0,24.0,236.0
2013,Bert's Bombers,OF,Alfonso Soriano,Chi,23.0,0.0,260.0
2013,Bert's Bombers,SP,Zack Greinke,LA,31.0,157.0,103.0
2013,Bert's Bombers,SP,Yovani Gallardo,Mil,11.0,43.0,217.0
2013,Bert's Bombers,SP,Wade Miley,Ari,1.0,23.0,237.0
2013,Bert's Bombers,SP / RP,Brandon League,LA,18.0,25.0,235.0
2013,Bert's Bombers,RP,Sergio Romo,SF,17.0,101.0,159.0
2013,Charlie's Stars,C,Carlos Ruiz,Phi,1.0,40.0,220.0
2013,Charlie's Stars,1B,Freddie Freeman,Atl,1.0,24.0,236.0
2013,Charlie's Stars,2B,Chase Utley,Phi,15.0,156.0,104.0
2013,Charlie's Stars,SS,Everth Cabrera,SD,21.0,0.0,260.0
2013,Charlie's Stars,3B,David Wright,NYM,52.0,104.0,156.0
2013,Charlie's Stars,OF,Matt Kemp,LA,63.0,41.0,219.0
2013,Charlie's Stars,OF,Carl Crawford,LA,4.0,36.0,224.0
2013,Charlie's Stars,OF,Angel Pagan,SF,2.0,34.0,226.0
2013,Charlie's Stars,SP,Matt Cain,SF,36.0,224.0,36.0
2013,Charlie's Stars,SP,AJ Burnett,Pit,2.0,32.0,228.0
2013,Charlie's Stars,SP,Mat Latos,Cin,7.0,25.0,235.0
2013,Charlie's Stars,SP / RP,Rafael Betancoourt,Col,3.0,21.0,239.0
2013,Charlie's Stars,RP,Craig Kimbrel,Atl,53.0,171.0,89.0
2013,Ryan's Lions,C,Yasmani Grandal,SD,1.0,63.0,197.0
2013,Ryan's Lions,1B,Adam LaRoche,Was,15.0,11.0,249.0
2013,Ryan's Lions,2B,Aaron Hill,Ari,30.0,169.0,91.0
2013,Ryan's Lions,SS,Adndrelton Simmons,Atl,5.0,26.0,234.0
2013,Ryan's Lions,3B,Martin Prado,Ari,6.0,101.0,159.0
2013,Ryan's Lions,OF,Andrew McCutchen,Pit,61.0,199.0,61.0
2013,Ryan's Lions,OF,Carlos Gonzalez,Col,62.0,107.0,153.0
2013,Ryan's Lions,OF,Norichika Aoki,Mil,10.0,0.0,260.0
2013,Ryan's Lions,SP,Adam Wainwright,StL,27.0,36.0,224.0
2013,Ryan's Lions,SP,Dan Haren,Was,4.0,32.0,228.0
2013,Ryan's Lions,SP,Lance Lynn,StL,1.0,31.0,229.0
2013,Ryan's Lions,SP / RP,Josh Beckett,LA,1.0,10.0,250.0
2013,Ryan's Lions,RP,Rafael Soriano,Was,37.0,64.0,196.0
2013,David's Devils,C,Buster Posey,SF,55.0,135.0,125.0
2013,David's Devils,1B,Ardrain Gonzalez,LA,20.0,85.0,175.0
2013,David's Devils,2B,Neil Walker,Pit,1.0,13.0,247.0
2013,David's Devils,SS,Zack Cozart,Cin,4.0,0.0,260.0
2013,David's Devils,3B,David Freese,StL,1.0,12.0,248.0
2013,David's Devils,OF,Ryan Braun,Mil,70.0,190.0,70.0
2013,David's Devils,OF,Andre Ethier,LA,1.0,84.0,176.0
2013,David's Devils,OF,Jason Heyward,Atl,49.0,14.0,246.0
2013,David's Devils,SP,Aroldis Chapman,Cin,30.0,105.0,155.0
2013,David's Devils,SP,Roy Halladay,Phi,8.0,76.0,184.0
2013,David's Devils,SP,Ian Kennedy,Ari,7.0,5.0,255.0
2013,David's Devils,SP / RP,Matt Harvey,NYM,1.0,4.0,256.0
2013,David's Devils,RP,Huston Street,SD,13.0,63.0,197.0
2013,Chips Acoy,C,Wilin Rosario,Col,1.0,96.0,164.0
2013,Chips Acoy,1B,Allen Craig,StL,17.0,56.0,204.0
2013,Chips Acoy,2B,Brandon Phillips,Cin,39.0,221.0,39.0
2013,Chips Acoy,SS,Hanley Ramirez,LA,48.0,140.0,120.0
2013,Chips Acoy,3B,Pablo Sandoval,SF,2.0,32.0,228.0
2013,Chips Acoy,OF,Carlos Beltran,StL,33.0,188.0,72.0
2013,Chips Acoy,OF,Carlos Gomez,Mil,1.0,34.0,226.0
2013,Chips Acoy,OF,Jayson Werth,Was,12.0,20.0,240.0
2013,Chips Acoy,SP,Tim Lincecum,SF,2.0,138.0,122.0
2013,Chips Acoy,SP,Gio Gonzalez,Was,41.0,97.0,163.0
2013,Chips Acoy,SP,Madison Bumgarner,SF,23.0,73.0,187.0
2013,Chips Acoy,SP / RP,Steve Cishek,Mai,20.0,0.0,260.0
2013,Chips Acoy,RP,Jason Motte,StL,21.0,35.0,225.0
2013,Jake's Snakes,C,Brain McCann,Atl,5.0,199.0,61.0
2013,Jake's Snakes,1B,Paul Goldschmidt,Ari,8.0,16.0,244.0
2013,Jake's Snakes,2B,Marco Scutaro,SF,1.0,204.0,56.0
2013,Jake's Snakes,SS,Troy Tulowitzski,Cal,55.0,205.0,55.0
2013,Jake's Snakes,3B,Pedro Alvarez,Pit,1.0,12.0,248.0
2013,Jake's Snakes,OF,Giancarlo Stanton,Mia,39.0,112.0,148.0
2013,Jake's Snakes,OF,BJ Upton,Atl,30.0,82.0,178.0
2013,Jake's Snakes,OF,Dexter Fowler,Col,11.0,0.0,260.0
2013,Jake's Snakes,SP,Clayton Kershaw,LA,48.0,151.0,109.0
2013,Jake's Snakes,SP,Kris Medlen,Atl,27.0,55.0,205.0
2013,Jake's Snakes,SP,Cole Hamels,Phi,31.0,24.0,236.0
2013,Jake's Snakes,SP / RP,Jason Grilli,Pit,1.0,11.0,249.0
2013,Jake's Snakes,RP,Bobby Parnell,NYM,3.0,13.0,247.0
2013,Jon's Generals,C,Miguel Montero,Ari,10.0,109.0,151.0
2013,Jon's Generals,1B,Joey Votto,Cin,58.0,202.0,58.0
2013,Jon's Generals,2B,Danny Espinosa,Was,1.0,70.0,190.0
2013,Jon's Generals,SS,Starlin Castro,Chi,11.0,26.0,234.0
2013,Jon's Generals,3B,Aramis Ramirez,Mil,19.0,7.0,253.0
2013,Jon's Generals,OF,Justin Upton,Atl,38.0,71.0,189.0
2013,Jon's Generals,OF,Shiin-Soo Choo,Cin,22.0,48.0,212.0
2013,Jon's Generals,OF,Hunter Pence,SF,9.0,39.0,221.0
2013,Jon's Generals,SP,Cliff Lee,Phi,33.0,119.0,141.0
2013,Jon's Generals,SP,Jonathan Niese,NYM,2.0,37.0,223.0
2013,Jon's Generals,SP,Jordan Zimmerman,Was,7.0,0.0,260.0
2013,Jon's Generals,SP / RP,JJ Putz,Ari,14.0,152.0,108.0
2013,Jon's Generals,RP,Jonathan Papelbon,Phi,36.0,166.0,94.0
2014,Forest Rangers,C,Wilin Rosario,Col,13.0,105.0,155.0
2014,Forest Rangers,1B,Brandon Belt,SF,3.0,13.0,247.0
2014,Forest Rangers,2B,Daniel Murphy,NYM,20.0,118.0,142.0
2014,Forest Rangers,SS,Ian Desmond,Was,31.0,23.0,237.0
2014,Forest Rangers,3B,Chase Headley,SD,6.0,4.0,256.0
2014,Forest Rangers,OF,Mark Trumbo,Ari,29.0,231.0,29.0
2014,Forest Rangers,OF,Carlos Gonzalez,Col,58.0,173.0,87.0
2014,Forest Rangers,OF,Jayson Werth,Was,7.0,16.0,244.0
2014,Forest Rangers,SP,Shelby Miller,StL,3.0,10.0,250.0
2014,Forest Rangers,SP,Gerrit Cole,Pit,1.0,3.0,257.0
2014,Forest Rangers,SP,Johnny Cueto,Cin,3.0,0.0,260.0
2014,Forest Rangers,SP / RP,Kenlay Jansen,LA,51.0,54.0,206.0
2014,Forest Rangers,RP,Trevor Rosenthal,StL,35.0,138.0,122.0
2014,Bert's Bombers,C,Jarrod Saltalamacchia,Mia,1.0,42.0,218.0
2014,Bert's Bombers,1B,Adrian Gonzalez,LA,17.0,66.0,194.0
2014,Bert's Bombers,2B,Chase Utley,Phi,8.0,34.0,226.0
2014,Bert's Bombers,SS,Andrelton Simmons,Atl,4.0,27.0,233.0
2014,Bert's Bombers,3B,Perdo Alvarez,Pit,22.0,238.0,22.0
2014,Bert's Bombers,OF,Jay Bruce,Cin,58.0,130.0,130.0
2014,Bert's Bombers,OF,Hunter Pence,SF,47.0,83.0,177.0
2014,Bert's Bombers,OF,Matt Holiday,StL,23.0,43.0,217.0
2014,Bert's Bombers,SP,Adam Wainright,StL,50.0,188.0,72.0
2014,Bert's Bombers,SP,Mat Latos,Cin,3.0,24.0,236.0
2014,Bert's Bombers,SP,Bartolo Colon,NYM,20.0,0.0,260.0
2014,Bert's Bombers,SP / RP,Jim Henderson,Mil,4.0,20.0,240.0
2014,Bert's Bombers,RP,Addison Reed,Ari,3.0,31.0,229.0
2014,Charlie's Stars,C,Wilson Ramos,Was,2.0,40.0,220.0
2014,Charlie's Stars,1B,Anthony Rizzo,Chi,17.0,56.0,204.0
2014,Charlie's Stars,2B,Neil Walker,Pit,1.0,2.0,258.0
2014,Charlie's Stars,SS,Hanley Ramirez,LA,63.0,197.0,63.0
2014,Charlie's Stars,3B,Pablo Sandoval,SF,2.0,73.0,187.0
2014,Charlie's Stars,OF,Andrew McCutchen,Pit,72.0,75.0,185.0
2014,Charlie's Stars,OF,Justin Upton,Atl,33.0,7.0,253.0
2014,Charlie's Stars,OF,Marlon Byrd,Phi,1.0,1.0,259.0
2014,Charlie's Stars,SP,Cliff Lee,Phi,50.0,147.0,113.0
2014,Charlie's Stars,SP,Matt Cain,SF,14.0,42.0,218.0
2014,Charlie's Stars,SP,AJ Burnettt,Phi,3.0,3.0,257.0
2014,Charlie's Stars,SP / RP,Jeff Samardzija,Chi,1.0,0.0,260.0
2014,Charlie's Stars,RP,Bobby Parnell,NYM,1.0,6.0,254.0
2014,Ryan's Lions,C,Russel Martin,Pit,1.0,5.0,255.0
2014,Ryan's Lions,1B,Adam LaRoche,Was,1.0,4.0,256.0
2014,Ryan's Lions,2B,Brandon Phillips,Cin,42.0,91.0,169.0
2014,Ryan's Lions,SS,Johnny Peralta,StL,1.0,3.0,257.0
2014,Ryan's Lions,3B,David Wright,NYM,61.0,133.0,127.0
2014,Ryan's Lions,OF,Matt Kemp,LA,18.0,73.0,187.0
2014,Ryan's Lions,OF,Curtis Grandeson,NYM,16.0,57.0,203.0
2014,Ryan's Lions,OF,Ryan Braun,Mil,38.0,19.0,241.0
2014,Ryan's Lions,SP,Clayton Kershaw,LA,66.0,194.0,66.0
2014,Ryan's Lions,SP,Michael Wacha,StL,8.0,11.0,249.0
2014,Ryan's Lions,SP,Francisco Liriano,Pit,3.0,0.0,260.0
2014,Ryan's Lions,SP / RP,Jason Grilli,Pit,3.0,6.0,254.0
2014,Ryan's Lions,RP,Huston Street,SD,2.0,9.0,251.0
2014,David's Devils,C,Buster Posey,SF,39.0,121.0,139.0
2014,David's Devils,1B,Paul Goldschmidt,Ari,65.0,160.0,100.0
2014,David's Devils,2B,Aaron Hill,Ari,7.0,12.0,248.0
2014,David's Devils,SS,Evereth Cabrera,SD,1.0,11.0,249.0
2014,David's Devils,3B,Aramis Ramirez,Mil,6.0,0.0,260.0
2014,David's Devils,OF,Dominic Brown,Phi,3.0,29.0,231.0
2014,David's Devils,OF,Sterling Marte,Pit,9.0,20.0,240.0
2014,David's Devils,OF,Allen Craig,StL,5.0,6.0,254.0
2014,David's Devils,SP,Stephen Strasburg,Was,35.0,225.0,35.0
2014,David's Devils,SP,Homer Bailey,Cin,16.0,43.0,217.0
2014,David's Devils,SP,Doug Fister,Was,11.0,32.0,228.0
2014,David's Devils,SP / RP,LaTroy Hawkins,Col,1.0,19.0,241.0
2014,David's Devils,RP,Craig Kimbrel,Atl,62.0,59.0,201.0
2014,Chips Acoy,C,Yadier Molina,StL,14.0,72.0,188.0
2014,Chips Acoy,1B,Joey Votto,Cin,65.0,195.0,65.0
2014,Chips Acoy,2B,Josh Rutledge,Col,1.0,2.0,258.0
2014,Chips Acoy,SS,Jean Segura,Mil,12.0,86.0,174.0
2014,Chips Acoy,3B,Ryan Zimmerman,Was,18.0,5.0,255.0
2014,Chips Acoy,OF,Yasiel Puig,LA,55.0,98.0,162.0
2014,Chips Acoy,OF,Carlos Gomez,Mil,37.0,23.0,237.0
2014,Chips Acoy,OF,Carl Crawford,LA,1.0,1.0,259.0
2014,Chips Acoy,SP,Jose Fernandez,Mia,42.0,13.0,247.0
2014,Chips Acoy,SP,Gio Gonzalez,Was,12.0,60.0,200.0
2014,Chips Acoy,SP,Nathan Eovaldi,Mia,1.0,0.0,260.0
2014,Chips Acoy,SP / RP,Jose Veras,Chi,1.0,3.0,257.0
2014,Chips Acoy,RP,Steve Cishek,Mia,1.0,4.0,256.0
2014,Jake's Snakes,C,Jonathan Lucroy,Mil,22.0,174.0,86.0
2014,Jake's Snakes,1B,Freddie Freeman,Atl,48.0,126.0,134.0
2014,Jake's Snakes,2B,Anthony Rendon,Was,4.0,4.0,256.0
2014,Jake's Snakes,SS,Troy Tulowitski,Col,48.0,42.0,218.0
2014,Jake's Snakes,3B,Matt Carpenter,StL,36.0,90.0,170.0
2014,Jake's Snakes,OF,Michael Cuddyer,Col,8.0,9.0,251.0
2014,Jake's Snakes,OF,Will Venable,SD,1.0,8.0,252.0
2014,Jake's Snakes,OF,Christian Yelich,Mia,4.0,0.0,260.0
2014,Jake's Snakes,SP,Zach Grienke,LA,33.0,227.0,33.0
2014,Jake's Snakes,SP,Madison Bumgarner,SF,31.0,196.0,64.0
2014,Jake's Snakes,SP,Mike Minor,Atl,3.0,35.0,225.0
2014,Jake's Snakes,SP / RP,Johnathan Papelbon,Phi,18.0,17.0,243.0
2014,Jake's Snakes,RP,Aroldis Chapman,Cin,4.0,38.0,222.0
2014,Jon's Generals,C,Miguel Montero,Ari,16.0,0.0,260.0
2014,Jon's Generals,1B,Justin Morneau,Col,3.0,67.0,193.0
2014,Jon's Generals,2B,Jedd Gyorko,SD,17.0,243.0,17.0
2014,Jon's Generals,SS,Starlin Castro,Chi,17.0,16.0,244.0
2014,Jon's Generals,3B,Martin Prado,Ari,10.0,233.0,27.0
2014,Jon's Generals,OF,Bryce Harper,Was,61.0,172.0,88.0
2014,Jon's Generals,OF,Giancarlo Stanton,Mia,38.0,90.0,170.0
2014,Jon's Generals,OF,Jason Heyward,Atl,9.0,33.0,227.0
2014,Jon's Generals,SP,Jordan Zimmerman,Was,20.0,70.0,190.0
2014,Jon's Generals,SP,Hyun-Jin Ryu,LA,10.0,57.0,203.0
2014,Jon's Generals,SP,Lance Lynn,StL,15.0,42.0,218.0
2014,Jon's Generals,SP / RP,Rafael Soriano,Was,24.0,128.0,132.0
2014,Jon's Generals,RP,Sergio Romo,SF,20.0,152.0,108.0
2015,Forest Rangers,C,Travis d'rnaud,NYM,1.0,46.0,214.0
2015,Forest Rangers,1B,Anthony Rizzo,Chi,37.0,63.0,197.0
2015,Forest Rangers,2B,Neil Walker,Pit,26.0,13.0,247.0
2015,Forest Rangers,SS,Troy Tulowitzski,Col,60.0,160.0,100.0
2015,Forest Rangers,3B,Anthony Rendon,Was,35.0,125.0,135.0
2015,Forest Rangers,OF,Bryce Harper,Was,16.0,47.0,213.0
2015,Forest Rangers,OF,Carlos Gonzalez,Col,6.0,40.0,220.0
2015,Forest Rangers,OF,Michael Cuddyer,NYM,1.0,39.0,221.0
2015,Forest Rangers,SP,Zach Greinke,LA,22.0,103.0,157.0
2015,Forest Rangers,SP,Gio Gonzalez,Was,3.0,100.0,160.0
2015,Forest Rangers,SP,Gerrit Cole,Pit,12.0,0.0,260.0
2015,Forest Rangers,SP / RP,Hector Rondon,Chi,1.0,12.0,248.0
2015,Forest Rangers,RP,Aroldis Chapman,Cin,40.0,220.0,40.0
2015,Bert's Bombers,C,Wilin Rosario,Col,1.0,59.0,201.0
2015,Bert's Bombers,1B,Joey Votto,Cin,1.0,25.0,235.0
2015,Bert's Bombers,2B,Dee Gordon,Mia,25.0,0.0,260.0
2015,Bert's Bombers,SS,Jimmy Rollins,LA,24.0,26.0,234.0
2015,Bert's Bombers,3B,Matt Carpenter,StL,27.0,68.0,192.0
2015,Bert's Bombers,OF,Ryan Braun,Mil,16.0,110.0,150.0
2015,Bert's Bombers,OF,Matt Holiday,StL,15.0,95.0,165.0
2015,Bert's Bombers,OF,Christian Yelich,Mia,9.0,50.0,210.0
2015,Bert's Bombers,SP,Lance Lynn,StL,19.0,241.0,19.0
2015,Bert's Bombers,SP,Max Scherzer,Was,46.0,195.0,65.0
2015,Bert's Bombers,SP,Adam Wainwright,StL,34.0,161.0,99.0
2015,Bert's Bombers,SP / RP,Francisco Rodriguez,Mil,8.0,60.0,200.0
2015,Bert's Bombers,RP,Trevor Rosenthal,StL,35.0,126.0,134.0
2015,Charlie's Stars,C,Yasmany Grandal,LA,1.0,18.0,242.0
2015,Charlie's Stars,1B,Freddie Freeman,Atl,43.0,92.0,168.0
2015,Charlie's Stars,2B,Brandon Phillips,Cin,17.0,0.0,260.0
2015,Charlie's Stars,SS,Brandon Crawford,SF,1.0,17.0,243.0
2015,Charlie's Stars,3B,David Wright,NYM,2.0,44.0,216.0
2015,Charlie's Stars,OF,Andrew McCutchen,Pit,86.0,135.0,125.0
2015,Charlie's Stars,OF,Carlos Gomez,Mil,41.0,51.0,209.0
2015,Charlie's Stars,OF,Jorge Soler,Chi,16.0,28.0,232.0
2015,Charlie's Stars,SP,Madison Bumgarner,SF,39.0,221.0,39.0
2015,Charlie's Stars,SP,Doug Fister,Was,3.0,48.0,212.0
2015,Charlie's Stars,SP,Hyun-Jin Ryu,LA,2.0,46.0,214.0
2015,Charlie's Stars,SP / RP,Joaquin Benoit,SD,8.0,19.0,241.0
2015,Charlie's Stars,RP,Kenley Jansen,LA,1.0,27.0,233.0
2015,Ryan's Lions,C,Jonathan Lucroy,Mil,40.0,125.0,135.0
2015,Ryan's Lions,1B,Justin Morneau,Col,1.0,25.0,235.0
2015,Ryan's Lions,2B,Daniel Murphy,NYM,21.0,102.0,158.0
2015,Ryan's Lions,SS,Ian Desmond,Was,40.0,220.0,40.0
2015,Ryan's Lions,3B,Casey McGehee,SF,5.0,165.0,95.0
2015,Ryan's Lions,OF,Yasiel Puig,LA,50.0,170.0,90.0
2015,Ryan's Lions,OF,Matt Kemp,SD,8.0,16.0,244.0
2015,Ryan's Lions,OF,Charlie Blackmon,Col,16.0,0.0,260.0
2015,Ryan's Lions,SP,Bartolo Colon,NYM,2.0,123.0,137.0
2015,Ryan's Lions,SP,Jordan Zimmerman,Was,28.0,74.0,186.0
2015,Ryan's Lions,SP,Stephen Strasburg,Was,36.0,38.0,222.0
2015,Ryan's Lions,SP / RP,Kyle Lohse,Mil,1.0,24.0,236.0
2015,Ryan's Lions,RP,Johnathan Papelbon,Phi,12.0,26.0,234.0
2015,David's Devils,C,Buster Posey,SF,40.0,113.0,147.0
2015,David's Devils,1B,Paul Goldschmidt,Ari,62.0,198.0,62.0
2015,David's Devils,2B,Chase Utley,Phi,20.0,39.0,221.0
2015,David's Devils,SS,Jean Segura,Mil,13.0,0.0,260.0
2015,David's Devils,3B,Martin Prado,Atl,5.0,18.0,242.0
2015,David's Devils,OF,Curtin Granderson,NYM,1.0,17.0,243.0
2015,David's Devils,OF,Jason Werth,Was,1.0,16.0,244.0
2015,David's Devils,OF,Starling Marte,Pit,1.0,15.0,245.0
2015,David's Devils,SP,Clayton Kershaw,LA,54.0,59.0,201.0
2015,David's Devils,SP,Matt Harvey,NYM,16.0,23.0,237.0
2015,David's Devils,SP,Ian Kennedy,SD,1.0,14.0,246.0
2015,David's Devils,SP / RP,Santiago Casilla,SF,1.0,13.0,247.0
2015,David's Devils,RP,Craig Kimbrel,Atl,45.0,153.0,107.0
2015,Jake's Snakes,C,Devin Mesoraco,Cin,32.0,9.0,251.0
2015,Jake's Snakes,1B,Lucas Duda,NYM,1.0,0.0,260.0
2015,Jake's Snakes,2B,Howie Kendrick,LA,21.0,41.0,219.0
2015,Jake's Snakes,SS,Jhonny Peralta,StL,13.0,62.0,198.0
2015,Jake's Snakes,3B,Nolan Arenado,Col,1.0,3.0,257.0
2015,Jake's Snakes,OF,Giancarlo Stanton,Mia,91.0,134.0,126.0
2015,Jake's Snakes,OF,Marcel Ozuna,Mia,1.0,2.0,258.0
2015,Jake's Snakes,OF,Dexter Fowler,Chi,1.0,1.0,259.0
2015,Jake's Snakes,SP,Johnny Cueto,Cin,35.0,225.0,35.0
2015,Jake's Snakes,SP,John Lester,Chi,22.0,88.0,172.0
2015,Jake's Snakes,SP,Jacob DeGrom,NYM,5.0,4.0,256.0
2015,Jake's Snakes,SP / RP,Mark Melancon,Pit,13.0,75.0,185.0
2015,Jake's Snakes,RP,Steve Cishek,Mia,24.0,110.0,150.0
2015,Jon's Generals,C,Miguel Montero,Chi,5.0,140.0,120.0
2015,Jon's Generals,1B,Adrian Gonzalez,LA,23.0,215.0,45.0
2015,Jon's Generals,2B,Aaron Hill,Ari,2.0,145.0,115.0
2015,Jon's Generals,SS,Starlin Castro,Chi,21.0,162.0,98.0
2015,Jon's Generals,3B,Todd Frazier,Cin,22.0,238.0,22.0
2015,Jon's Generals,OF,Justin Upton,Ari,32.0,183.0,77.0
2015,Jon's Generals,OF,Jay Bruce,Cin,15.0,147.0,113.0
2015,Jon's Generals,OF,Jason Heyward,StL,7.0,115.0,145.0
2015,Jon's Generals,SP,Cole Hamels,Phi,10.0,130.0,130.0
2015,Jon's Generals,SP,James Shields,SD,36.0,79.0,181.0
2015,Jon's Generals,SP,Julio Teheran,Atl,47.0,0.0,260.0
2015,Jon's Generals,SP / RP,Drew Storen,Was,32.0,47.0,213.0
2015,Jon's Generals,RP,Addison Reed,Ari,8.0,122.0,138.0
2016,Forest Rangers,C,Wilson Ramos,Was,1.0,2.0,258.0
2016,Forest Rangers,1B,Anthony Rizzo,Chi,50.0,72.0,188.0
2016,Forest Rangers,2B,Ben Zobrist,Chi,31.0,122.0,138.0
2016,Forest Rangers,SS,Addison Russell,Chi,1.0,1.0,259.0
2016,Forest Rangers,3B,Kris Bryant,Chi,60.0,12.0,248.0
2016,Forest Rangers,OF,Bryce Harper,Was,72.0,188.0,72.0
2016,Forest Rangers,OF,AJ Pollock,Ari,35.0,153.0,107.0
2016,Forest Rangers,OF,Stephen Piscotty,StL,1.0,7.0,253.0
2016,Forest Rangers,SP,Jeff Samardzija,Chi,1.0,11.0,249.0
2016,Forest Rangers,SP,Jose Fernandez,Mia,1.0,3.0,257.0
2016,Forest Rangers,SP,Carlos Martinez,StL,1.0,0.0,260.0
2016,Forest Rangers,SP / RP,JJ Hoover,Cin,3.0,4.0,256.0
2016,Forest Rangers,RP,Brad Ziegler,Ari,3.0,8.0,252.0
2016,Bert's Bombers,C,Derek Norris,SD,10.0,201.0,59.0
2016,Bert's Bombers,1B,Brandon Belt,SF,1.0,30.0,230.0
2016,Bert's Bombers,2B,Daniel Murphy,Was,7.0,141.0,119.0
2016,Bert's Bombers,SS,Asdrubal Cabrera,NYM,21.0,79.0,181.0
2016,Bert's Bombers,3B,Nolan Arenado,Col,53.0,148.0,112.0
2016,Bert's Bombers,OF,Yoenis Cespedes,NYM,49.0,211.0,49.0
2016,Bert's Bombers,OF,Jason Heyward,Chi,11.0,15.0,245.0
2016,Bert's Bombers,OF,David Peralta,Ari,5.0,10.0,250.0
2016,Bert's Bombers,SP,Max Scherzer,Was,41.0,100.0,160.0
2016,Bert's Bombers,SP,Jon Lester,Chi,17.0,31.0,229.0
2016,Bert's Bombers,SP,Stephen Strasburg,Was,4.0,26.0,234.0
2016,Bert's Bombers,SP / RP,Fernando Rodney,SD,10.0,0.0,260.0
2016,Bert's Bombers,RP,Mark Melancon,Pit,31.0,48.0,212.0
2016,Charlie's Stars,C,Yadier Molina,StL,1.0,,
2016,Charlie's Stars,1B,Paul Goldschmidt,Ari,73.0,40.0,220.0
2016,Charlie's Stars,2B,DJ LeMahieu,Col,1.0,102.0,158.0
2016,Charlie's Stars,SS,Jose Reyes,Col,40.0,65.0,195.0
2016,Charlie's Stars,3B,Matt Duffy,SF,1.0,0.0,260.0
2016,Charlie's Stars,OF,Giancarlo Stanton,Mia,55.0,52.0,208.0
2016,Charlie's Stars,OF,Matt Kemp,SD,34.0,205.0,55.0
2016,Charlie's Stars,OF,Jay Bruce,Cin,9.0,68.0,192.0
2016,Charlie's Stars,SP,John Lackey,Chi,2.0,54.0,206.0
2016,Charlie's Stars,SP,Adam Wainwright,StL,7.0,63.0,197.0
2016,Charlie's Stars,SP,Gerrit Cole,Pit,5.0,46.0,214.0
2016,Charlie's Stars,SP / RP,Johnathan Papelbon,Was,2.0,41.0,219.0
2016,Charlie's Stars,RP,Trevor Rosenthal,StL,30.0,66.0,194.0
2016,Ryan's Lions,C,Francisco Cervelli,Pit,1.0,102.0,158.0
2016,Ryan's Lions,1B,Adrian Gonzalez,LA,3.0,153.0,107.0
2016,Ryan's Lions,2B,Neil Walker,NYM,9.0,217.0,43.0
2016,Ryan's Lions,SS,Zack Cozart,Cin,79.0,0.0,260.0
2016,Ryan's Lions,3B,David Wright,NYM,1.0,93.0,167.0
2016,Ryan's Lions,OF,Carlos Gonzalez,Col,32.0,121.0,139.0
2016,Ryan's Lions,OF,Hunter Pence,SF,7.0,103.0,157.0
2016,Ryan's Lions,OF,Matt Holliday,StL,7.0,95.0,165.0
2016,Ryan's Lions,SP,Noah Syndergaard,NYM,34.0,226.0,34.0
2016,Ryan's Lions,SP,Madison Bumgarner,SF,30.0,187.0,73.0
2016,Ryan's Lions,SP,Zach Greinke,Ari,31.0,156.0,104.0
2016,Ryan's Lions,SP / RP,James Shields,SD,11.0,110.0,150.0
2016,Ryan's Lions,RP,Hector Rondon,Chi,15.0,79.0,181.0
2016,David's Devils,C,Travis d'Arnaud,NYM,1.0,67.0,193.0
2016,David's Devils,1B,Lucas Duda,NYM,1.0,105.0,155.0
2016,David's Devils,2B,Dee Gordon,LA,37.0,68.0,192.0
2016,David's Devils,SS,Brandon Crawford,SF,21.0,18.0,242.0
2016,David's Devils,3B,Matt Carpenter,StL,34.0,106.0,154.0
2016,David's Devils,OF,Curtis Granderson,NYM,28.0,39.0,221.0
2016,David's Devils,OF,Kyle Schwarber,Chi,10.0,20.0,240.0
2016,David's Devils,OF,Nick Markakis,Atl,5.0,2.0,258.0
2016,David's Devils,SP,Jacob deGrom,NYM,29.0,231.0,29.0
2016,David's Devils,SP,Clayton Kershaw,LA,63.0,140.0,120.0
2016,David's Devils,SP,Julio Teheran,Atl,1.0,7.0,253.0
2016,David's Devils,SP / RP,Jeremy Jeffress,Mil,2.0,0.0,260.0
2016,David's Devils,RP,Jeurys Familia,NYM,28.0,203.0,57.0
2016,Jake's Snakes,C,Buster Posey,SF,35.0,176.0,84.0
2016,Jake's Snakes,1B,Joey Votto,Cin,42.0,134.0,126.0
2016,Jake's Snakes,2B,Kolten Wong,StL,1.0,21.0,239.0
2016,Jake's Snakes,SS,Corey Seager,LA,36.0,48.0,212.0
2016,Jake's Snakes,3B,Maikel Franco,Phi,1.0,11.0,249.0
2016,Jake's Snakes,OF,Yasiel Puig,LA,16.0,32.0,228.0
2016,Jake's Snakes,OF,Starling Marte,Pit,9.0,12.0,248.0
2016,Jake's Snakes,OF,Randal Grichuk,StL,11.0,0.0,260.0
2016,Jake's Snakes,SP,Matt Harvey,NYM,49.0,211.0,49.0
2016,Jake's Snakes,SP,Francisco Liriano,Pit,2.0,29.0,231.0
2016,Jake's Snakes,SP,Johnny Cueto,SF,7.0,22.0,238.0
2016,Jake's Snakes,SP / RP,AJ Ramos,Mia,1.0,31.0,229.0
2016,Jake's Snakes,RP,Kenley Jansen,LA,50.0,84.0,176.0
2016,Jon's Generals,C,Jonathan Lucroy,Mil,5.0,247.0,13.0
2016,Jon's Generals,1B,Freddie Freeman,Atl,1.0,103.0,157.0
2016,Jon's Generals,2B,Joe Panik,SF,2.0,139.0,121.0
2016,Jon's Generals,SS,Alexei Ramirez,SD,17.0,46.0,214.0
2016,Jon's Generals,3B,Anthony Rendon,Was,33.0,13.0,247.0
2016,Jon's Generals,OF,Andrew McCutchen,Pit,72.0,175.0,85.0
2016,Jon's Generals,OF,Charlie Blackmon,Col,34.0,141.0,119.0
2016,Jon's Generals,OF,Ryan Braun,Mil,40.0,63.0,197.0
2016,Jon's Generals,SP,Steven Matz,NYM,8.0,252.0,8.0
2016,Jon's Generals,SP,Jake Arrieta,Chi,33.0,106.0,154.0
2016,Jon's Generals,SP,Wei-Yin Chen,Mia,2.0,104.0,156.0
2016,Jon's Generals,SP / RP,Santiago Casilla,SF,11.0,2.0,258.0
2016,Jon's Generals,RP,Jake McGee,Col,2.0,2.0,258.0
2017,Forest Rangers,C,Tom Murphy,Col,1.0,9.0,251.0
2017,Forest Rangers,1B,Wil Myers,SD,1.0,10.0,250.0
2017,Forest Rangers,2B,DJ LeMahieu,Col,27.0,106.0,154.0
2017,Forest Rangers,SS,Trevor Story,Col,44.0,150.0,110.0
2017,Forest Rangers,3B,Nolan Arenado,Col,66.0,194.0,66.0
2017,Forest Rangers,OF,Giancarlo Stanton,Mia,30.0,76.0,184.0
2017,Forest Rangers,OF,Carlos Gonzalez,Col,27.0,49.0,211.0
2017,Forest Rangers,OF,AJ Pollock,AZ,22.0,27.0,233.0
2017,Forest Rangers,SP,Zach Greinke,AZ,17.0,133.0,127.0
2017,Forest Rangers,SP,Gerrit Cole,Pit,1.0,8.0,252.0
2017,Forest Rangers,SP,Steven Matz,NYM,7.0,0.0,260.0
2017,Forest Rangers,SP / RP,Blake Treinan,Was,1.0,7.0,253.0
2017,Forest Rangers,RP,Tony Watson,Pit,16.0,11.0,249.0
2017,Bert's Bombers,C,Yasmani Grandal,LA,11.0,87.0,173.0
2017,Bert's Bombers,1B,Freddie Freeman,Atl,50.0,159.0,101.0
2017,Bert's Bombers,2B,Ben Zobrist,Chi,7.0,44.0,216.0
2017,Bert's Bombers,SS,Addison Russell,Chi,7.0,21.0,239.0
2017,Bert's Bombers,3B,Jake Lamb,AZ,10.0,77.0,183.0
2017,Bert's Bombers,OF,Matt Kemp,Atl,15.0,98.0,162.0
2017,Bert's Bombers,OF,Starling Marte,Pit,12.0,9.0,251.0
2017,Bert's Bombers,OF,Adam Duvall,Cin,1.0,9.0,251.0
2017,Bert's Bombers,SP,Madison Bumgarner,SF,51.0,209.0,51.0
2017,Bert's Bombers,SP,Noah Syndergaard,NYM,46.0,113.0,147.0
2017,Bert's Bombers,SP,Kyle Hendricks,Chi,8.0,0.0,260.0
2017,Bert's Bombers,SP / RP,AJ Ramos,Mia,16.0,28.0,232.0
2017,Bert's Bombers,RP,Jeurys Familia,NYM,26.0,51.0,209.0
2017,Charlie's Stars,C,Francisco Cervelli,Pit,1.0,1.0,259.0
2017,Charlie's Stars,1B,Paul Goldschidt,AZ,66.0,194.0,66.0
2017,Charlie's Stars,2B,Daniel Murphy,Was,45.0,149.0,111.0
2017,Charlie's Stars,SS,Brandon Crawford,SF,1.0,36.0,224.0
2017,Charlie's Stars,3B,Anthony Rendon,Was,12.0,82.0,178.0
2017,Charlie's Stars,OF,Charlie Blackmon,Col,55.0,94.0,166.0
2017,Charlie's Stars,OF,Dexter Fowler,StL,13.0,39.0,221.0
2017,Charlie's Stars,OF,Curtin Granderson,NYM,12.0,4.0,256.0
2017,Charlie's Stars,SP,Bartolo Colon,Atl,2.0,37.0,223.0
2017,Charlie's Stars,SP,Jeff Samardzija,SF,2.0,2.0,258.0
2017,Charlie's Stars,SP,Zach Davies,Mil,1.0,0.0,260.0
2017,Charlie's Stars,SP / RP,Wade Davis,Chi,20.0,16.0,244.0
2017,Charlie's Stars,RP,Mark Melancon,SF,30.0,52.0,208.0
2017,Ryan's Lions,C,Buster Posey,SF,49.0,96.0,164.0
2017,Ryan's Lions,1B,Adrian Gonzalez,LA,1.0,12.0,248.0
2017,Ryan's Lions,2B,Dee Gordan,Mia,1.0,13.0,247.0
2017,Ryan's Lions,SS,Corey Seager,LA,54.0,145.0,115.0
2017,Ryan's Lions,3B,Justin Turner,LA,1.0,95.0,165.0
2017,Ryan's Lions,OF,Bryce Harper,Was,70.0,25.0,235.0
2017,Ryan's Lions,OF,Jay Bruce,NYM,5.0,14.0,246.0
2017,Ryan's Lions,OF,Nick Markakis,Atl,1.0,7.0,253.0
2017,Ryan's Lions,SP,Clayton Kershaw,LA,55.0,205.0,55.0
2017,Ryan's Lions,SP,Matt Harvey,NYM,6.0,199.0,61.0
2017,Ryan's Lions,SP,Kenta Maeda,LA,6.0,19.0,241.0
2017,Ryan's Lions,SP / RP,Adam Wainwright,StL,4.0,8.0,252.0
2017,Ryan's Lions,RP,Neftali Feliz,Mil,7.0,7.0,253.0
2017,David's Devils,C,Matt Weiters,Was,1.0,9.0,251.0
2017,David's Devils,1B,Anthony Rizzo,Chi,55.0,205.0,55.0
2017,David's Devils,2B,Ryan Schimpf,SD,5.0,3.0,257.0
2017,David's Devils,SS,Dansby Swanson,Atl,1.0,10.0,250.0
2017,David's Devils,3B,Maikel Franco,Phi,13.0,103.0,157.0
2017,David's Devils,OF,Yoenis Cespedes,NYM,39.0,116.0,144.0
2017,David's Devils,OF,Gregory Polanco,Pit,40.0,18.0,242.0
2017,David's Devils,OF,Joc Pederson,LA,3.0,0.0,260.0
2017,David's Devils,SP,Max Scherzer,Was,44.0,59.0,201.0
2017,David's Devils,SP,Gio Gonzalez,Was,1.0,58.0,202.0
2017,David's Devils,SP,Carlos Martinez,StL,7.0,11.0,249.0
2017,David's Devils,SP / RP,Jim Johnson,Atl,1.0,8.0,252.0
2017,David's Devils,RP,Kenlay Jansen,LA,50.0,155.0,105.0
2017,Jake's Snakes,C,Wilson Contreras,Chi,14.0,110.0,150.0
2017,Jake's Snakes,1B,Joey Votto,Cin,47.0,148.0,112.0
2017,Jake's Snakes,2B,Logan Forsythe,LA,5.0,74.0,186.0
2017,Jake's Snakes,SS,Trea Turner,Was,11.0,79.0,181.0
2017,Jake's Snakes,3B,Kris Bryant,Chi,65.0,195.0,65.0
2017,Jake's Snakes,OF,Christian Yelich,Mia,32.0,42.0,218.0
2017,Jake's Snakes,OF,Adam Eaton,Was,1.0,12.0,248.0
2017,Jake's Snakes,OF,Stephen Piscoty,StL,8.0,4.0,256.0
2017,Jake's Snakes,SP,Jacob DeGrom,NYM,24.0,124.0,136.0
2017,Jake's Snakes,SP,Jon Lester,Chi,20.0,90.0,170.0
2017,Jake's Snakes,SP,Rich Hill,LA,13.0,37.0,223.0
2017,Jake's Snakes,SP / RP,Johnny Cueto,SF,16.0,13.0,247.0
2017,Jake's Snakes,RP,Greg Holland,Col,4.0,0.0,260.0
2017,Jon's Generals,C,JT Realmuto,Mia,6.0,16.0,244.0
2017,Jon's Generals,1B,Matt Carpenter,StL,29.0,144.0,116.0
2017,Jon's Generals,2B,Johnathan Villar,Mil,17.0,51.0,209.0
2017,Jon's Generals,SS,Asdrubal Cabrera,NYM,2.0,217.0,43.0
2017,Jon's Generals,3B,Martin Prado,Mia,1.0,1.0,259.0
2017,Jon's Generals,OF,Andrew McCutchen,Pit,44.0,173.0,87.0
2017,Jon's Generals,OF,Kyle Schwarber,Chi,15.0,102.0,158.0
2017,Jon's Generals,OF,Ryan Braun,Mil,30.0,68.0,192.0
2017,Jon's Generals,SP,Jake Arrieta,Chi,41.0,219.0,41.0
2017,Jon's Generals,SP,Stephen Strasburg,Was,27.0,117.0,143.0
2017,Jon's Generals,SP,John Lackey,Chi,4.0,98.0,162.0
2017,Jon's Generals,SP / RP,Jeanmar Gomez,Phi,15.0,1.0,259.0
2017,Jon's Generals,RP,Seung Hwan Oh,StL,29.0,22.0,238.0
2018,Forest Rangers,C,Yadier Molina,StL,4.0,6.0,254.0
2018,Forest Rangers,1B,Cody Bellinger,LA,30.0,70.0,190.0
2018,Forest Rangers,2B,Cesar Hernandez,Phi,1.0,21.0,239.0
2018,Forest Rangers,SS,Paul DeJong,StL,10.0,60.0,200.0
2018,Forest Rangers,3B,Nolan Arenado,Col,80.0,100.0,160.0
2018,Forest Rangers,OF,Bryce Harper,Was,80.0,180.0,80.0
2018,Forest Rangers,OF,Adam Eaton,Was,5.0,10.0,250.0
2018,Forest Rangers,OF,Starling Matre,Pit,5.0,0.0,260.0
2018,Forest Rangers,SP,Madison Bumgardner,SF,26.0,34.0,226.0
2018,Forest Rangers,SP,Luke Weaver,StL,1.0,15.0,245.0
2018,Forest Rangers,SP,Patrick Corbin,Ari,1.0,5.0,255.0
2018,Forest Rangers,SP / RP,Brad Hand,SD,5.0,16.0,244.0
2018,Forest Rangers,RP,Sean Doolittle,Was,12.0,22.0,238.0
2018,Bert's Bombers,C,Austin Hedger,SD,1.0,0.0,260.0
2018,Bert's Bombers,1B,Anthony Rizzo,Chi,40.0,179.0,81.0
2018,Bert's Bombers,2B,Joe Panik,SF,1.0,6.0,254.0
2018,Bert's Bombers,SS,Freddy Galvis,SD,4.0,8.0,252.0
2018,Bert's Bombers,3B,Jake Lamb,Ari,1.0,7.0,253.0
2018,Bert's Bombers,OF,Yoenis Cespedes,NYM,12.0,75.0,185.0
2018,Bert's Bombers,OF,Marcell Ozuna,StL,51.0,128.0,132.0
2018,Bert's Bombers,OF,Christian Yelich,Mil,37.0,12.0,248.0
2018,Bert's Bombers,SP,Jacob DeGrom,NYM,41.0,219.0,41.0
2018,Bert's Bombers,SP,Aaron Nola,Phi,4.0,2.0,258.0
2018,Bert's Bombers,SP,Kyle Hendricks,Chi,1.0,1.0,259.0
2018,Bert's Bombers,SP / RP,Mark Melancon,SF,26.0,49.0,211.0
2018,Bert's Bombers,RP,Kenley Jansen,LA,41.0,87.0,173.0
2018,Charlie's Stars,C,Yasmani Grandal,LA,15.0,139.0,121.0
2018,Charlie's Stars,1B,Paul Goldschmidt,Ari,80.0,180.0,80.0
2018,Charlie's Stars,2B,Ozzie Albies,Atl,9.0,30.0,230.0
2018,Charlie's Stars,SS,Dansby Swanson,Atl,1.0,6.0,254.0
2018,Charlie's Stars,3B,Anthony Rendon,Was,26.0,154.0,106.0
2018,Charlie's Stars,OF,Jay Bruce,NYM,21.0,77.0,183.0
2018,Charlie's Stars,OF,Ryhs Hoskins,Phi,25.0,52.0,208.0
2018,Charlie's Stars,OF,Lorenzo Cain,Mil,2.0,4.0,256.0
2018,Charlie's Stars,SP,Stephen Strasburg,Was,41.0,98.0,162.0
2018,Charlie's Stars,SP,Carlos Martinez,StL,23.0,7.0,253.0
2018,Charlie's Stars,SP,Jon Gray,Col,2.0,2.0,258.0
2018,Charlie's Stars,SP / RP,Arodys Vizcaino,Atl,2.0,0.0,260.0
2018,Charlie's Stars,RP,Brandon Morrow,Chi,13.0,39.0,221.0
2018,Ryan's Lions,C,Wilson Contreras,Chi,11.0,22.0,238.0
2018,Ryan's Lions,1B,Carlos Santana,Phi,1.0,18.0,242.0
2018,Ryan's Lions,2B,Starlin Castro,Mia,10.0,100.0,160.0
2018,Ryan's Lions,SS,Corey Seager,LA,52.0,46.0,214.0
2018,Ryan's Lions,3B,Eugenio Suarez,Cin,2.0,20.0,240.0
2018,Ryan's Lions,OF,Andrew McCutchen,SF,64.0,136.0,124.0
2018,Ryan's Lions,OF,Yasiel Puig,LA,6.0,110.0,150.0
2018,Ryan's Lions,OF,Chris Taylor,LA,2.0,98.0,162.0
2018,Ryan's Lions,SP,Max Scherzer,Was,60.0,200.0,60.0
2018,Ryan's Lions,SP,Gio Gonzalez,Was,6.0,130.0,130.0
2018,Ryan's Lions,SP,Yu Darvish,Chi,13.0,33.0,227.0
2018,Ryan's Lions,SP / RP,Robbie Ray,Ari,19.0,0.0,260.0
2018,Ryan's Lions,RP,Wade Davis,Col,14.0,116.0,144.0
2018,David's Devils,C,JT Realmuto,Mia,12.0,18.0,242.0
2018,David's Devils,1B,Joey Votto,Cin,65.0,74.0,186.0
2018,David's Devils,2B,Daniel Murphy,Was,36.0,221.0,39.0
2018,David's Devils,SS,Brandon Crawford,SF,3.0,257.0,3.0
2018,David's Devils,3B,Travis Shaw,Mil,4.0,53.0,207.0
2018,David's Devils,OF,Charlie Blackmon,Col,82.0,139.0,121.0
2018,David's Devils,OF,Ian Happ,Chi,1.0,8.0,252.0
2018,David's Devils,OF,Steven Souza,Ari,4.0,0.0,260.0
2018,David's Devils,SP,Kenta Maeda,LA,22.0,31.0,229.0
2018,David's Devils,SP,Tanner Roark,Was,1.0,30.0,230.0
2018,David's Devils,SP,Jose Quintana,Chi,9.0,9.0,251.0
2018,David's Devils,SP / RP,Hector Neris,Phi,4.0,4.0,256.0
2018,David's Devils,RP,Corey Knebel,Mil,17.0,57.0,203.0
2018,Jake's Snakes,C,Buster Posey,SF,37.0,183.0,77.0
2018,Jake's Snakes,1B,Eric Hosmer,SD,1.0,83.0,177.0
2018,Jake's Snakes,2B,Javier Baez,Chi,1.0,25.0,235.0
2018,Jake's Snakes,SS,Trea Turner,Was,40.0,220.0,40.0
2018,Jake's Snakes,3B,Justin Turner,LA,1.0,52.0,208.0
2018,Jake's Snakes,OF,AJ Pollack,Ari,11.0,41.0,219.0
2018,Jake's Snakes,OF,Tommy Pham,StL,15.0,26.0,234.0
2018,Jake's Snakes,OF,Michael Conforto,NYM,18.0,0.0,260.0
2018,Jake's Snakes,SP,Clayton Kershaw,LA,61.0,122.0,138.0
2018,Jake's Snakes,SP,Zack Greinke,Ari,38.0,84.0,176.0
2018,Jake's Snakes,SP,Jake Arrieta,Phi,30.0,53.0,207.0
2018,Jake's Snakes,SP / RP,Raisel Iglesias,Cin,4.0,18.0,242.0
2018,Jake's Snakes,RP,Felipe Rivero,Pit,3.0,22.0,238.0
2018,Jon's Generals,C,Alex Avila,Ari,3.0,0.0,260.0
2018,Jon's Generals,1B,Freddie Freeman,Atl,40.0,106.0,154.0
2018,Jon's Generals,2B,DJ LeMahieu,COl,26.0,59.0,201.0
2018,Jon's Generals,SS,Trevor Story,Col,21.0,85.0,175.0
2018,Jon's Generals,3B,Kris Bryant,Chi,58.0,146.0,114.0
2018,Jon's Generals,OF,Wil Myers,SD,27.0,32.0,228.0
2018,Jon's Generals,OF,Nick Markakis,Atl,2.0,30.0,230.0
2018,Jon's Generals,OF,Dexter Fowler,StL,16.0,12.0,248.0
2018,Jon's Generals,SP,Noah Syndergaard,NYM,56.0,204.0,56.0
2018,Jon's Generals,SP,Johnny Cueto,SF,2.0,28.0,232.0
2018,Jon's Generals,SP,Jon Lester,Chi,5.0,7.0,253.0
2018,Jon's Generals,SP / RP,Jeff Samardzija,SF,3.0,4.0,256.0
2018,Jon's Generals,RP,Luke Gregerson,StL,1.0,3.0,257.0
2019,Forest Rangers,C,Buster Posey,SF,2.0,10.0,250.0
2019,Forest Rangers,1B,Cody Bellinger,LA,1.0,12.0,248.0
2019,Forest Rangers,2B,Robinson Cano,NYM,4.0,4.0,256.0
2019,Forest Rangers,SS,Javier Baez,Chi,36.0,83.0,177.0
2019,Forest Rangers,3B,Matt Carpenter,StL,45.0,15.0,245.0
2019,Forest Rangers,OF,Christian Yelich,Mil,62.0,198.0,62.0
2019,Forest Rangers,OF,Bryce Harper,Phi,79.0,119.0,141.0
2019,Forest Rangers,OF,David Dahl,Col,2.0,0.0,260.0
2019,Forest Rangers,SP,Miles Mikolas,StL,13.0,70.0,190.0
2019,Forest Rangers,SP,Zack Wheeler,NYM,2.0,13.0,247.0
2019,Forest Rangers,SP,Jameson Taillon,Pit,2.0,8.0,252.0
2019,Forest Rangers,SP / RP,Jake Arrietta,Phi,2.0,2.0,258.0
2019,Forest Rangers,RP,Kirby Yates,SD,10.0,60.0,200.0
2019,Bert's Bombers,C,Wilson Ramos,NYM,1.0,57.0,203.0
2019,Bert's Bombers,1B,Freddie Freeman,Atl,50.0,210.0,50.0
2019,Bert's Bombers,2B,Scooter Gennet,Cin,20.0,37.0,223.0
2019,Bert's Bombers,SS,Jean Segura,Phi,20.0,17.0,243.0
2019,Bert's Bombers,3B,Jed Lowrie,NYM,5.0,58.0,202.0
2019,Bert's Bombers,OF,Nick Markakis,Atl,29.0,139.0,121.0
2019,Bert's Bombers,OF,Ender Inciarte,Atl,9.0,83.0,177.0
2019,Bert's Bombers,OF,David Peralta,Ari,17.0,0.0,260.0
2019,Bert's Bombers,SP,Patrick Corbin,Was,32.0,107.0,153.0
2019,Bert's Bombers,SP,Noah Syndergaard,NYM,15.0,92.0,168.0
2019,Bert's Bombers,SP,German Marquez,Col,13.0,70.0,190.0
2019,Bert's Bombers,SP / RP,Mike Foltynewicz,Atl,7.0,63.0,197.0
2019,Bert's Bombers,RP,Edwin Diaz,NYM,42.0,168.0,92.0
2019,Charlie's Stars,C,Yasmani Grandal,Mil,26.0,14.0,246.0
2019,Charlie's Stars,1B,Anthony Rizzo,Chi,31.0,182.0,78.0
2019,Charlie's Stars,2B,Ian Kinsler,SD,1.0,0.0,260.0
2019,Charlie's Stars,SS,Paul DeJong,StL,1.0,10.0,250.0
2019,Charlie's Stars,3B,Anthony Rendon,Was,38.0,40.0,220.0
2019,Charlie's Stars,OF,Charlie Blackmon,Col,69.0,78.0,182.0
2019,Charlie's Stars,OF,Matt Kemp,Cin,2.0,12.0,248.0
2019,Charlie's Stars,OF,Lorenzo Cain,Mil,6.0,4.0,256.0
2019,Charlie's Stars,SP,Jacob DeGrom,NYM,47.0,213.0,47.0
2019,Charlie's Stars,SP,Clayton Kershaw,LA,35.0,147.0,113.0
2019,Charlie's Stars,SP,Carlos Martinez,StL,1.0,11.0,249.0
2019,Charlie's Stars,SP / RP,Rich Hill,LA,2.0,1.0,259.0
2019,Charlie's Stars,RP,Jordan Hicks,StL,1.0,3.0,257.0
2019,Ryan's Lions,C,Yadier Molina,StL,2.0,102.0,158.0
2019,Ryan's Lions,1B,Joey Votto,Cin,1.0,12.0,248.0
2019,Ryan's Lions,2B,Max Muncy,LA,7.0,253.0,7.0
2019,Ryan's Lions,SS,Trea Turner,Was,52.0,104.0,156.0
2019,Ryan's Lions,3B,Manny Machado,SD,45.0,13.0,247.0
2019,Ryan's Lions,OF,Andrew McCutchen,Phi,32.0,221.0,39.0
2019,Ryan's Lions,OF,Yasiel Puig,Cin,3.0,9.0,251.0
2019,Ryan's Lions,OF,Chris Taylor,LA,4.0,0.0,260.0
2019,Ryan's Lions,SP,Max Scherzer,Was,65.0,156.0,104.0
2019,Ryan's Lions,SP,Jon Lester,Chi,24.0,78.0,182.0
2019,Ryan's Lions,SP,Alex Wood,Cin,1.0,8.0,252.0
2019,Ryan's Lions,SP / RP,David Robertson,Phi,4.0,4.0,256.0
2019,Ryan's Lions,RP,Pedro Strop,Chi,20.0,58.0,202.0
2019,David's Devils,C,Wilson Contreras,Chi,28.0,18.0,242.0
2019,David's Devils,1B,Paul Goldschmidt,StL,61.0,199.0,61.0
2019,David's Devils,2B,Brian Dozier,Was,32.0,167.0,93.0
2019,David's Devils,SS,Ahmed Rosario,NYM,1.0,1.0,259.0
2019,David's Devils,3B,Eugenio Suarez,Cin,1.0,8.0,252.0
2019,David's Devils,OF,Juan Soto,Was,56.0,111.0,149.0
2019,David's Devils,OF,Wil Myers,SD,35.0,76.0,184.0
2019,David's Devils,OF,Starling Marte,Pit,4.0,4.0,256.0
2019,David's Devils,SP,Stephen Strasburg,Was,30.0,46.0,214.0
2019,David's Devils,SP,Kyle Hendricks,Chi,1.0,17.0,243.0
2019,David's Devils,SP,Jon Gray,Col,1.0,0.0,260.0
2019,David's Devils,SP / RP,Raisel Iglesias,Cin,2.0,2.0,258.0
2019,David's Devils,RP,Felipe Vazquez,Pit,8.0,9.0,251.0
2019,Jake's Snakes,C,J.T. Realmuto,Phi,51.0,120.0,140.0
2019,Jake's Snakes,1B,Daniel Murphy,Col,1.0,119.0,141.0
2019,Jake's Snakes,2B,Cesar Hernandez,Phi,2.0,5.0,255.0
2019,Jake's Snakes,SS,Corey Seager,LA,1.0,7.0,253.0
2019,Jake's Snakes,3B,Nolan Arenado,Col,65.0,9.0,251.0
2019,Jake's Snakes,OF,Ronald Acuna,Atl,54.0,206.0,54.0
2019,Jake's Snakes,OF,Brandon Nimmo,NYM,1.0,8.0,252.0
2019,Jake's Snakes,OF,A.J. Pollack,LA,3.0,1.0,259.0
2019,Jake's Snakes,SP,Aaron Nola,Was,35.0,171.0,89.0
2019,Jake's Snakes,SP,Walker Buehler,LA,1.0,4.0,256.0
2019,Jake's Snakes,SP,Jack Flaherty,StL,1.0,0.0,260.0
2019,Jake's Snakes,SP / RP,Kenley Jansen,LA,33.0,74.0,186.0
2019,Jake's Snakes,RP,Sean Doolittle,Was,12.0,107.0,153.0
2019,Jon's Generals,C,Tucker Barnhart,Cin,1.0,2.0,258.0
2019,Jon's Generals,1B,Rhys Hoskins,Phi,57.0,62.0,198.0
2019,Jon's Generals,2B,Ozzie Albies,Atl,28.0,204.0,56.0
2019,Jon's Generals,SS,Trevor Story,Col,50.0,127.0,133.0
2019,Jon's Generals,3B,Kris Bryant,Chi,28.0,232.0,28.0
2019,Jon's Generals,OF,Michael Conforto,NYM,28.0,34.0,226.0
2019,Jon's Generals,OF,Marcell Ozuna,StL,15.0,19.0,241.0
2019,Jon's Generals,OF,Ian Desmond,Col,3.0,3.0,257.0
2019,Jon's Generals,SP,Zack Greinke,Ari,27.0,177.0,83.0
2019,Jon's Generals,SP,Robbie Ray,Ari,9.0,10.0,250.0
2019,Jon's Generals,SP,Chris Archer,Pit,4.0,6.0,254.0
2019,Jon's Generals,SP / RP,Corey Knebel,Mil,2.0,0.0,260.0
2019,Jon's Generals,RP,Wade Davis,Col,8.0,119.0,141.0
2021,Forest Rangers,C,Austin Nola,SD,1.0,37.0,223.0
2021,Forest Rangers,1B,Rhys Hoskins,Phi,1.0,36.0,224.0
2021,Forest Rangers,2B,Tommy Edman,StL,1.0,140.0,120.0
2021,Forest Rangers,SS,Fernando Tatis,SD,50.0,210.0,50.0
2021,Forest Rangers,3B,Manny Machado,SD,68.0,142.0,118.0
2021,Forest Rangers,OF,Wil Myers,SD,1.0,141.0,119.0
2021,Forest Rangers,OF,Christian Yelich,Mil,72.0,68.0,192.0
2021,Forest Rangers,OF,Dominic Smith,NYM,1.0,34.0,226.0
2021,Forest Rangers,SP,Sonny Gray,Cin,1.0,67.0,193.0
2021,Forest Rangers,SP,Jack Flaherty,StL,26.0,41.0,219.0
2021,Forest Rangers,SP,Joe Musgrove,SD,3.0,38.0,222.0
2021,Forest Rangers,SP / RP,Anthony Bass,Mia,34.0,0.0,260.0
2021,Forest Rangers,RP,Daniel Bard,Col,1.0,35.0,225.0
2021,Bert's Bombers,C,Travis d'Arnaud,Atl,9.0,207.0,53.0
2021,Bert's Bombers,1B,Paul Goldschmidt,StL,44.0,216.0,44.0
2021,Bert's Bombers,2B,Chris Taylor,LA,12.0,195.0,65.0
2021,Bert's Bombers,SS,Trea Turner,Was,20.0,41.0,219.0
2021,Bert's Bombers,3B,Justin Turner,LA,1.0,40.0,220.0
2021,Bert's Bombers,OF,Bryce Harper,Phi,57.0,61.0,199.0
2021,Bert's Bombers,OF,Kole Calhoun,Ari,35.0,4.0,256.0
2021,Bert's Bombers,OF,AJ Pollack,LA,1.0,3.0,257.0
2021,Bert's Bombers,SP,Aaron Nola,Phi,33.0,162.0,98.0
2021,Bert's Bombers,SP,Walker Buehler,LA,20.0,142.0,118.0
2021,Bert's Bombers,SP,Brandon Woodruff,Mil,3.0,0.0,260.0
2021,Bert's Bombers,SP / RP,Hector Neris,Phi,1.0,39.0,221.0
2021,Bert's Bombers,RP,Edwin Diaz,NYM,24.0,118.0,142.0
2021,Charlie's Stars,C,James McCann,NYM,2.0,28.0,232.0
2021,Charlie's Stars,1B,Anthony Rizzo,Chi,5.0,159.0,101.0
2021,Charlie's Stars,2B,Jean Segura,Phi,10.0,33.0,227.0
2021,Charlie's Stars,SS,Eugenio Suarez,Cin,4.0,0.0,260.0
2021,Charlie's Stars,3B,Nolan Arenado,StL,31.0,128.0,132.0
2021,Charlie's Stars,OF,Ronald Acuna,Atl,67.0,193.0,67.0
2021,Charlie's Stars,OF,Mookie Betts,LA,62.0,66.0,194.0
2021,Charlie's Stars,OF,Mike Yastrzemski,SF,11.0,43.0,217.0
2021,Charlie's Stars,SP,Yu Darvish,SD,29.0,164.0,96.0
2021,Charlie's Stars,SP,Luis Castillo,Cin,12.0,54.0,206.0
2021,Charlie's Stars,SP,German Maquez,Col,3.0,30.0,230.0
2021,Charlie's Stars,SP / RP,Brad Hand,Was,15.0,4.0,256.0
2021,Charlie's Stars,RP,Craig Kimbrel,Chi,9.0,19.0,241.0
2021,Ryan's Lions,C,Buster Posey,SF,1.0,19.0,241.0
2021,Ryan's Lions,1B,Keston Hiura,Mil,19.0,0.0,260.0
2021,Ryan's Lions,2B,Jake Cronenworth,SD,1.0,134.0,126.0
2021,Ryan's Lions,SS,Didi Gregorius,Phi,1.0,20.0,240.0
2021,Ryan's Lions,3B,Kris Bryant,Chi,13.0,88.0,172.0
2021,Ryan's Lions,OF,Starling Marte,Mia,10.0,135.0,125.0
2021,Ryan's Lions,OF,Cody Bellinger,LA,33.0,101.0,159.0
2021,Ryan's Lions,OF,Marcell Ozuna,Atl,61.0,21.0,239.0
2021,Ryan's Lions,SP,Max Scherzer,Was,43.0,217.0,43.0
2021,Ryan's Lions,SP,Clayton Kershaw,LA,20.0,197.0,63.0
2021,Ryan's Lions,SP,Trevor Bauer,LA,43.0,154.0,106.0
2021,Ryan's Lions,SP / RP,Stephen Strasburg,Was,9.0,145.0,115.0
2021,Ryan's Lions,RP,Richard Rodriguez,Pit,6.0,82.0,178.0
2021,David's Devils,C,Wilson Contreras,Chi,23.0,84.0,176.0
2021,David's Devils,1B,Max Muncy,LA,20.0,63.0,197.0
2021,David's Devils,2B,Ozzie Albies,Atl,35.0,225.0,35.0
2021,David's Devils,SS,Trevor Story,Col,35.0,158.0,102.0
2021,David's Devils,3B,Eduardo Escobar,Ari,6.0,152.0,108.0
2021,David's Devils,OF,Charlie Blackmon,Col,13.0,120.0,140.0
2021,David's Devils,OF,Tommy Pham,SD,1.0,119.0,141.0
2021,David's Devils,OF,Trent Grisham,SD,1.0,83.0,177.0
2021,David's Devils,SP,Max Fried,Atl,12.0,107.0,153.0
2021,David's Devils,SP,Dinelson Lamet,SD,11.0,52.0,208.0
2021,David's Devils,SP,Zach Eflin,Phi,52.0,0.0,260.0
2021,David's Devils,SP / RP,Josh Hader,Mil,19.0,133.0,127.0
2021,David's Devils,RP,Kenley Jansen,LA,32.0,193.0,67.0
2021,Jake's Snakes,C,JT Realmuto,Phi,50.0,185.0,75.0
2021,Jake's Snakes,1B,Pete Alonso,NYM,20.0,123.0,137.0
2021,Jake's Snakes,2B,Jeff McNeil,NYM,20.0,23.0,237.0
2021,Jake's Snakes,SS,Francisco Lindor,NYM,25.0,235.0,25.0
2021,Jake's Snakes,3B,Ke'Bryan Hayes,Pit,6.0,7.0,253.0
2021,Jake's Snakes,OF,Juan Soto,Was,80.0,43.0,217.0
2021,Jake's Snakes,OF,Ketel Marte,Ari,5.0,13.0,247.0
2021,Jake's Snakes,OF,Nick Castellanos,Cin,2.0,5.0,255.0
2021,Jake's Snakes,SP,Jacob DeGrom,NYM,42.0,143.0,117.0
2021,Jake's Snakes,SP,Blake Snell,SD,5.0,18.0,242.0
2021,Jake's Snakes,SP,Corbin Burnes,Mil,1.0,4.0,256.0
2021,Jake's Snakes,SP / RP,Carlos Carrasco,NYM,3.0,0.0,260.0
2021,Jake's Snakes,RP,Amir Garrett,Cin,1.0,3.0,257.0
2021,Jon's Generals,C,Will Smith,LA,4.0,188.0,72.0
2021,Jon's Generals,1B,Freddie Freeman,Atl,62.0,198.0,62.0
2021,Jon's Generals,2B,Kolten Wong,Mil,1.0,72.0,188.0
2021,Jon's Generals,SS,Corey Seager,LA,25.0,163.0,97.0
2021,Jon's Generals,3B,Brian Anderson,Mia,5.0,158.0,102.0
2021,Jon's Generals,OF,Michael Conforto,NYM,71.0,76.0,184.0
2021,Jon's Generals,OF,Ian Happ,Chi,1.0,73.0,187.0
2021,Jon's Generals,OF,Andrew McCutchen,Phi,38.0,34.0,226.0
2021,Jon's Generals,SP,Kyle Hendricks,Chi,6.0,192.0,68.0
2021,Jon's Generals,SP,Patrick Corbin,Was,6.0,152.0,108.0
2021,Jon's Generals,SP,Zach Wheeler,Phi,34.0,0.0,260.0
2021,Jon's Generals,SP / RP,Jake McGee,SF,2.0,74.0,186.0
2021,Jon's Generals,RP,Joakim Soria,Ari,5.0,147.0,113.0
2022,Forest Rangers,C,J.T Realmuto,Phi,25.0,83.0,177.0
2022,Forest Rangers,1B,Joey Votto,Cin,1.0,34.0,226.0
2022,Forest Rangers,2B,Jazz Chisholm,Mia,1.0,1.0,259.0
2022,Forest Rangers,SS,Brandon Crawford,SF,10.0,24.0,236.0
2022,Forest Rangers,3B,Eduardo Escobar,NYM,20.0,35.0,225.0
2022,Forest Rangers,OF,Bryce Harper,Phi,75.0,185.0,75.0
2022,Forest Rangers,OF,Starling Marte,NYM,18.0,148.0,112.0
2022,Forest Rangers,OF,Ronald Acuna,Atl,40.0,108.0,152.0
2022,Forest Rangers,DH,Kyle Schwarber,Phi,19.0,166.0,94.0
2022,Forest Rangers,SP,Tyler Mahle,Cin,1.0,8.0,252.0
2022,Forest Rangers,SP,Joe Musgrove,SD,6.0,2.0,258.0
2022,Forest Rangers,SP,Logan Webb,SF,1.0,0.0,260.0
2022,Forest Rangers,SP / RP,Giovanny Gallegos,StL,15.0,9.0,251.0
2022,Forest Rangers,RP,Craig Kimbrel,LA,28.0,55.0,205.0
2022,Bert's Bombers,C,Travis d'Arnaud,Atl,1.0,0.0,260.0
2022,Bert's Bombers,1B,C.J. Cron,Col,1.0,101.0,159.0
2022,Bert's Bombers,2B,Ozzie Albies,Atl,46.0,123.0,137.0
2022,Bert's Bombers,SS,Miguel Rojas,Mia,1.0,13.0,247.0
2022,Bert's Bombers,3B,Ke'Bryan Hayes,Pit,10.0,102.0,158.0
2022,Bert's Bombers,OF,Nick Castellanos,Phi,66.0,14.0,246.0
2022,Bert's Bombers,OF,Seiya Suzuki,Chi,10.0,3.0,257.0
2022,Bert's Bombers,OF,Brandon Nimmo,NYM,1.0,1.0,259.0
2022,Bert's Bombers,DH,Andrew McCutchen,Mil,1.0,2.0,258.0
2022,Bert's Bombers,SP,Corbin Burnes,Mil,27.0,194.0,66.0
2022,Bert's Bombers,SP,Max Fried,Atl,25.0,169.0,91.0
2022,Bert's Bombers,SP,Clayton Kershaw,LA,11.0,112.0,148.0
2022,Bert's Bombers,SP / RP,Josh Hader,Mil,21.0,80.0,180.0
2022,Bert's Bombers,RP,Kenley Jansen,Atl,39.0,221.0,39.0
2022,Charlie's Stars,C,Will Smith,LA,33.0,93.0,167.0
2022,Charlie's Stars,1B,Rhys Hoskins,Phi,24.0,69.0,191.0
2022,Charlie's Stars,2B,Jonathan India,Cin,18.0,126.0,134.0
2022,Charlie's Stars,SS,Trea Turner,LA,79.0,150.0,110.0
2022,Charlie's Stars,3B,Austin Riley,Atl,22.0,47.0,213.0
2022,Charlie's Stars,OF,Mike Yastrzemski,SF,6.0,41.0,219.0
2022,Charlie's Stars,OF,Mark Canha,NYM,11.0,30.0,230.0
2022,Charlie's Stars,OF,Ian Happ,Chi,1.0,9.0,251.0
2022,Charlie's Stars,DH,Charlie Blackmon,Col,11.0,19.0,241.0
2022,Charlie's Stars,SP,Max Scherzer,NYM,31.0,229.0,31.0
2022,Charlie's Stars,SP,Jacob DeGrom,NYM,6.0,144.0,116.0
2022,Charlie's Stars,SP,Freddy Peralta,Mil,9.0,10.0,250.0
2022,Charlie's Stars,SP / RP,Chris Bassitt,NYM,5.0,4.0,256.0
2022,Charlie's Stars,RP,Dylan Floro,Mia,4.0,0.0,260.0
2022,Ryan's Lions,C,Keibert Ruiz,Was,1.0,9.0,251.0
2022,Ryan's Lions,1B,Freddie Freeman,LA,70.0,190.0,70.0
2022,Ryan's Lions,2B,Cesar Hernandez,Was,1.0,10.0,250.0
2022,Ryan's Lions,SS,Fernando Tatis,SD,5.0,54.0,206.0
2022,Ryan's Lions,3B,Justin Turner,LA,1.0,22.0,238.0
2022,Ryan's Lions,OF,Juan Soto,Was,90.0,59.0,201.0
2022,Ryan's Lions,OF,Cody Bellinger,LA,6.0,23.0,237.0
2022,Ryan's Lions,OF,Adam Duvall,Atl,9.0,13.0,247.0
2022,Ryan's Lions,DH,Luke Voit,SD,1.0,12.0,248.0
2022,Ryan's Lions,SP,Yu Darvish,SD,10.0,180.0,80.0
2022,Ryan's Lions,SP,Aaron Nola,Phi,31.0,149.0,111.0
2022,Ryan's Lions,SP,Julio Urias,LA,25.0,29.0,231.0
2022,Ryan's Lions,SP / RP,Adam Wainwright,StL,1.0,11.0,249.0
2022,Ryan's Lions,RP,David Bednar,Pit,9.0,0.0,260.0
2022,David's Devils,C,Wilson Contreras,Chi,19.0,110.0,150.0
2022,David's Devils,1B,Pete Alonso,NYM,44.0,129.0,131.0
2022,David's Devils,2B,Jake Cronenworth,SD,7.0,45.0,215.0
2022,David's Devils,SS,Francisco Lindor,NYM,28.0,173.0,87.0
2022,David's Devils,3B,Nolan Arenado,StL,59.0,201.0,59.0
2022,David's Devils,OF,Hunter Renfroe,Mil,5.0,52.0,208.0
2022,David's Devils,OF,Chris Taylor,LA,3.0,5.0,255.0
2022,David's Devils,OF,Dylan Carlson,StL,3.0,0.0,260.0
2022,David's Devils,DH,Max Muncy,LA,15.0,90.0,170.0
2022,David's Devils,SP,Kyle Hendricks,Chi,5.0,105.0,155.0
2022,David's Devils,SP,Carlos Rodon,SF,37.0,8.0,252.0
2022,David's Devils,SP,Ian Anderson,Atl,1.0,4.0,256.0
2022,David's Devils,SP / RP,Trevor Rogers,Mia,1.0,3.0,257.0
2022,David's Devils,RP,Edwin Diaz,NYM,33.0,57.0,203.0
2022,Jake's Snakes,C,Tyler Stephenson,Cin,1.0,0.0,260.0
2022,Jake's Snakes,1B,Matt Olson,Atl,47.0,159.0,101.0
2022,Jake's Snakes,2B,Ketel Marte,Ari,18.0,141.0,119.0
2022,Jake's Snakes,SS,Willy Adames,Mil,25.0,24.0,236.0
2022,Jake's Snakes,3B,Manny Machado,SD,54.0,206.0,54.0
2022,Jake's Snakes,OF,Kris Bryant,Col,28.0,113.0,147.0
2022,Jake's Snakes,OF,Bryan Reynolds,Pit,26.0,49.0,211.0
2022,Jake's Snakes,OF,Tyler O'Neill,StL,1.0,4.0,256.0
2022,Jake's Snakes,DH,Nelson Cruz,Was,19.0,94.0,166.0
2022,Jake's Snakes,SP,Walker Buehler,LA,19.0,75.0,185.0
2022,Jake's Snakes,SP,Zach Wheeler,Phi,16.0,8.0,252.0
2022,Jake's Snakes,SP,Brandon Woodruff,Mil,3.0,5.0,255.0
2022,Jake's Snakes,SP / RP,Sandy Alcantara,Mia,2.0,1.0,259.0
2022,Jake's Snakes,RP,Corey Knebel,Phi,1.0,3.0,257.0
2022,Jon's Generals,C,Omar Narvaez,Mil,6.0,0.0,260.0
2022,Jon's Generals,1B,Paul Goldschmidt,StL,51.0,204.0,56.0
2022,Jon's Generals,2B,Jean Segura,Phi,5.0,255.0,5.0
2022,Jon's Generals,SS,Dansby Swanson,Atl,25.0,108.0,152.0
2022,Jon's Generals,3B,Patrick Wisdom,Chi,1.0,11.0,249.0
2022,Jon's Generals,OF,Mookie Betts,LA,71.0,133.0,127.0
2022,Jon's Generals,OF,Christian Yelich,Mil,34.0,74.0,186.0
2022,Jon's Generals,OF,Jorge Soler,Mia,3.0,8.0,252.0
2022,Jon's Generals,DH,Marcell Ozuna,Atl,25.0,43.0,217.0
2022,Jon's Generals,SP,Charlie Morton,Atl,6.0,68.0,192.0
2022,Jon's Generals,SP,German Marquez,Col,1.0,7.0,253.0
2022,Jon's Generals,SP,Blake Snell,SD,1.0,6.0,254.0
2022,Jon's Generals,SP / RP,Camilo Doval,SF,14.0,12.0,248.0
2022,Jon's Generals,RP,Mark Melancon,Ari,17.0,26.0,234.0
2023,Forest Rangers,C,Tyler Stephenson,Cin,12.0,103.0,157.0
2023,Forest Rangers,1B,Pete Alonso,NYM,57.0,133.0,127.0
2023,Forest Rangers,2B,Ketel Marte,Ari,2.0,73.0,187.0
2023,Forest Rangers,SS,Willy Adames,Mil,19.0,16.0,244.0
2023,Forest Rangers,3B,Ke'Bryan Hayes,Pit,5.0,35.0,225.0
2023,Forest Rangers,OF,Mookie Betts,LA,70.0,190.0,70.0
2023,Forest Rangers,OF,Fernando Tatis,SD,27.0,75.0,185.0
2023,Forest Rangers,OF,Nick Castellanos,Phi,7.0,40.0,220.0
2023,Forest Rangers,DH,Bryce Harper,Phi,10.0,123.0,137.0
2023,Forest Rangers,SP,Zach Wheeler,Phi,8.0,115.0,145.0
2023,Forest Rangers,SP,Zac Gallen,Ari,1.0,102.0,158.0
2023,Forest Rangers,SP,Jesus Luzardo,Mia,15.0,0.0,260.0
2023,Forest Rangers,SP / RP,Brandon Hughes,Chi,1.0,15.0,245.0
2023,Forest Rangers,RP,Ryan Helsley,StL,26.0,47.0,213.0
2023,Bert's Bombers,C,J.T. Realmuto,Phi,30.0,122.0,138.0
2023,Bert's Bombers,1B,Rhys Hoskins,Phi,1.0,84.0,176.0
2023,Bert's Bombers,2B,Jonathan India,Cin,22.0,100.0,160.0
2023,Bert's Bombers,SS,Trea Turner,Phi,67.0,193.0,67.0
2023,Bert's Bombers,3B,Max Muncy,LA,35.0,8.0,252.0
2023,Bert's Bombers,OF,Mitch Haniger,SF,1.0,4.0,256.0
2023,Bert's Bombers,OF,Kris Bryant,Col,1.0,3.0,257.0
2023,Bert's Bombers,OF,Mark Canha,NYM,3.0,0.0,260.0
2023,Bert's Bombers,DH,Charlie Blackmon,Col,2.0,6.0,254.0
2023,Bert's Bombers,SP,Corbin Burnes,Mil,41.0,152.0,108.0
2023,Bert's Bombers,SP,Yu Darvish,SD,15.0,85.0,175.0
2023,Bert's Bombers,SP,Charlie Morton,Atl,1.0,5.0,255.0
2023,Bert's Bombers,SP / RP,David Robertson,NYM,6.0,43.0,217.0
2023,Bert's Bombers,RP,Josh Hader,SD,35.0,49.0,211.0
2023,Charlie's Stars,C,William Contreras,Mil,3.0,51.0,209.0
2023,Charlie's Stars,1B,Rowdy Tellez,Mil,1.0,3.0,257.0
2023,Charlie's Stars,2B,Brandon Donovan,StL,1.0,2.0,258.0
2023,Charlie's Stars,SS,Dansby Swanson,Chi,32.0,124.0,136.0
2023,Charlie's Stars,3B,Austin Riley,Atl,66.0,194.0,66.0
2023,Charlie's Stars,OF,Kyle Schwarber,Phi,70.0,54.0,206.0
2023,Charlie's Stars,OF,Jake McCarthy,Ari,1.0,1.0,259.0
2023,Charlie's Stars,OF,Andrew McCutchen,Pit,1.0,0.0,260.0
2023,Charlie's Stars,DH,Jesse Winker,Mil,8.0,7.0,253.0
2023,Charlie's Stars,SP,Max Scherzer,NYM,38.0,156.0,104.0
2023,Charlie's Stars,SP,Aaron Nola,Phi,36.0,15.0,245.0
2023,Charlie's Stars,SP,Jameson Taillon,Chi,1.0,6.0,254.0
2023,Charlie's Stars,SP / RP,Kyle Wright,Atl,1.0,4.0,256.0
2023,Charlie's Stars,RP,Dylan Floro,Mia,1.0,5.0,255.0
2023,Ryan's Lions,C,Will Smith,LA,22.0,124.0,136.0
2023,Ryan's Lions,1B,Matt Olson,Atl,43.0,146.0,114.0
2023,Ryan's Lions,2B,Ha-Seong Kim,SD,1.0,47.0,213.0
2023,Ryan's Lions,SS,Tommy Edman,StL,1.0,32.0,228.0
2023,Ryan's Lions,3B,Ryan McMahon,Col,10.0,37.0,223.0
2023,Ryan's Lions,OF,Juan Soto,SD,71.0,189.0,71.0
2023,Ryan's Lions,OF,Christian Yelich,Mil,36.0,60.0,200.0
2023,Ryan's Lions,OF,Bryan Reynolds,Pit,4.0,33.0,227.0
2023,Ryan's Lions,DH,J.D. Martinez,LA,12.0,112.0,148.0
2023,Ryan's Lions,SP,Spencer Strider,Atl,16.0,96.0,164.0
2023,Ryan's Lions,SP,Julio Urias,LA,12.0,48.0,212.0
2023,Ryan's Lions,SP,Hunter Greene,Cin,1.0,31.0,229.0
2023,Ryan's Lions,SP / RP,Blake Snell,SD,12.0,0.0,260.0
2023,Ryan's Lions,RP,Alexis Diaz,Cin,19.0,12.0,248.0
2023,David's Devils,C,Wilson Contreras,StL,12.0,56.0,204.0
2023,David's Devils,1B,Freddie Freeman,LA,69.0,191.0,69.0
2023,David's Devils,2B,Ozzie Albies,Atl,39.0,152.0,108.0
2023,David's Devils,SS,Francisco Lindor,NYM,37.0,115.0,145.0
2023,David's Devils,3B,Josh Rojas,Ari,1.0,15.0,245.0
2023,David's Devils,OF,Ian Happ,Chi,1.0,55.0,205.0
2023,David's Devils,OF,Tyler O'Neill,StL,1.0,46.0,214.0
2023,David's Devils,OF,Corbin Carroll,Ari,1.0,16.0,244.0
2023,David's Devils,DH,Michael Conforto,SF,8.0,47.0,213.0
2023,David's Devils,SP,Max Fried,Atl,12.0,73.0,187.0
2023,David's Devils,SP,Joe Musgrove,SD,5.0,68.0,192.0
2023,David's Devils,SP,Kodai Senga,NYM,15.0,0.0,260.0
2023,David's Devils,SP / RP,Camilo Doval,SF,29.0,17.0,243.0
2023,David's Devils,RP,Raisel Iglesias,Atl,30.0,85.0,175.0
2023,Jake's Snakes,C,Sean Murphy,Atl,11.0,36.0,224.0
2023,Jake's Snakes,1B,Christian Walker,Ari,1.0,22.0,238.0
2023,Jake's Snakes,2B,Jeff McNeil,NYM,1.0,21.0,239.0
2023,Jake's Snakes,SS,Oneil Cruz,Pit,19.0,0.0,260.0
2023,Jake's Snakes,3B,Manny Machado,SD,73.0,163.0,97.0
2023,Jake's Snakes,OF,Michael Harris,Atl,22.0,100.0,160.0
2023,Jake's Snakes,OF,Jazz Chisholm,Mia,23.0,77.0,183.0
2023,Jake's Snakes,OF,Starling Marte,NYM,7.0,70.0,190.0
2023,Jake's Snakes,DH,Joc Pederson,SF,1.0,20.0,240.0
2023,Jake's Snakes,SP,Sandy Alcantara,Mia,24.0,236.0,24.0
2023,Jake's Snakes,SP,Justin Verlander,NYM,41.0,122.0,138.0
2023,Jake's Snakes,SP,Brandon Woodruff,Mil,13.0,23.0,237.0
2023,Jake's Snakes,SP / RP,Craig Kimbrel,Phi,1.0,19.0,241.0
2023,Jake's Snakes,RP,Devin Williams,Mil,23.0,47.0,213.0
2023,Jon's Generals,C,Keibert Ruiz,Was,1.0,12.0,248.0
2023,Jon's Generals,1B,Paul Goldschmidt,StL,50.0,187.0,73.0
2023,Jon's Generals,2B,Luis Arraez,Mia,16.0,23.0,237.0
2023,Jon's Generals,SS,Xander Bogaerts,SD,23.0,237.0,23.0
2023,Jon's Generals,3B,Nolan Arenado,StL,50.0,45.0,215.0
2023,Jon's Generals,OF,Ronald Acuna,Atl,69.0,118.0,142.0
2023,Jon's Generals,OF,Mike Yastrzemski,SF,23.0,95.0,165.0
2023,Jon's Generals,OF,Brandon Nimmo,NYM,2.0,43.0,217.0
2023,Jon's Generals,DH,Jorge Soler,Mia,1.0,1.0,259.0
2023,Jon's Generals,SP,Logan Webb,SF,4.0,39.0,221.0
2023,Jon's Generals,SP,Clayton Kershaw,LA,2.0,13.0,247.0
2023,Jon's Generals,SP,Jon Montgomery,StL,1.0,0.0,260.0
2023,Jon's Generals,SP / RP,David Bednar,Pit,10.0,2.0,258.0
2023,Jon's Generals,RP,Daniel Bard,Col,8.0,15.0,245.0
2024,Forest Rangers,C,William Contreras,Mil,11.0,150.0,110.0
2024,Forest Rangers,1B,Bryce Harper,Phi,21.0,188.0,72.0
2024,Forest Rangers,2B,Ketel Marte,Ari,20.0,240.0,20.0
2024,Forest Rangers,SS,Elly De La Cuz,Cin,31.0,209.0,51.0
2024,Forest Rangers,3B,Max Muncy,LAD,37.0,57.0,203.0
2024,Forest Rangers,OF,Nolan Jones,Col,27.0,161.0,99.0
2024,Forest Rangers,OF,Christian Yelish,Mil,30.0,150.0,110.0
2024,Forest Rangers,OF,Nick Castellanos,Phi,5.0,25.0,235.0
2024,Forest Rangers,DH,Marcell Ozuna,LAD,1.0,24.0,236.0
2024,Forest Rangers,SP,Merrill Kelly,Ari,5.0,52.0,208.0
2024,Forest Rangers,SP,Joe Musgrove,SD,6.0,18.0,242.0
2024,Forest Rangers,SP,Hunter Greene,Cin,18.0,0.0,260.0
2024,Forest Rangers,SP / RP,Evan Phillips,LAD,22.0,30.0,230.0
2024,Forest Rangers,RP,Alexis Diaz,Cin,26.0,94.0,166.0
2024,Bert's Bombers,C,Will Smith,LAD,21.0,177.0,83.0
2024,Bert's Bombers,1B,Pete Alonso,NYM,33.0,117.0,143.0
2024,Bert's Bombers,2B,Xander Bogaerts,SD,3.0,114.0,146.0
2024,Bert's Bombers,SS,Francisco Lindor,NYM,33.0,227.0,33.0
2024,Bert's Bombers,3B,Manny Machado,SD,51.0,58.0,202.0
2024,Bert's Bombers,OF,Teoscar Hernandez,LAD,3.0,22.0,238.0
2024,Bert's Bombers,OF,Jazz Chisholm,Mia,15.0,7.0,253.0
2024,Bert's Bombers,OF,James Outman,LAD,7.0,0.0,260.0
2024,Bert's Bombers,DH,Joey Meneses,Was,13.0,45.0,215.0
2024,Bert's Bombers,SP,Zach Wheeler,Phi,29.0,198.0,62.0
2024,Bert's Bombers,SP,Blake Snell,SF,5.0,109.0,151.0
2024,Bert's Bombers,SP,Freddy Peralta,Mil,13.0,25.0,235.0
2024,Bert's Bombers,SP / RP,David Bednar,Pit,7.0,38.0,222.0
2024,Bert's Bombers,RP,Edwin Diaz,NYM,27.0,150.0,110.0
2024,Charlie's Stars,C,Wilson Contreras,StL,1.0,1.0,259.0
2024,Charlie's Stars,1B,Paul Goldschmidt,StL,16.0,112.0,148.0
2024,Charlie's Stars,2B,Ozzie Albies,Atl,39.0,73.0,187.0
2024,Charlie's Stars,SS,Trea Turner,LAD,48.0,128.0,132.0
2024,Charlie's Stars,3B,Ryan McMahon,Col,4.0,9.0,251.0
2024,Charlie's Stars,OF,Ronald Acuna,Atl,84.0,176.0,84.0
2024,Charlie's Stars,OF,Jung-Hoo Lee,SF,2.0,6.0,254.0
2024,Charlie's Stars,OF,Will Benson,Cin,1.0,0.0,260.0
2024,Charlie's Stars,DH,Charlie Blackmon,Col,1.0,8.0,252.0
2024,Charlie's Stars,SP,Zac Gallen,Ari,20.0,23.0,237.0
2024,Charlie's Stars,SP,Logan Webb,SF,8.0,15.0,245.0
2024,Charlie's Stars,SP,Justin Steele,Chi,2.0,13.0,247.0
2024,Charlie's Stars,SP / RP,Kyle Finnegan,Was,4.0,2.0,258.0
2024,Charlie's Stars,RP,Raisel Iglesias,Atl,30.0,43.0,217.0
2024,Ryan's Lions,C,J.T. Realmuto,Phi,16.0,97.0,163.0
2024,Ryan's Lions,1B,Freddie Freeman,LAD,70.0,190.0,70.0
2024,Ryan's Lions,2B,Matt McLain,Cin,1.0,3.0,257.0
2024,Ryan's Lions,SS,Ha-Seong Kim,SD,1.0,4.0,256.0
2024,Ryan's Lions,3B,Nolan Arenado,StL,14.0,56.0,204.0
2024,Ryan's Lions,OF,Brandon Nimmo,NYM,6.0,75.0,185.0
2024,Ryan's Lions,OF,Seita Suziki,Chi,5.0,70.0,190.0
2024,Ryan's Lions,OF,Spencer Steer,Cin,46.0,10.0,250.0
2024,Ryan's Lions,DH,Kyle Schwarber,Phi,54.0,113.0,147.0
2024,Ryan's Lions,SP,Aaron Nola,Phi,23.0,167.0,93.0
2024,Ryan's Lions,SP,Lance Lynn,Stl,3.0,94.0,166.0
2024,Ryan's Lions,SP,Dylan Cease,SD,13.0,81.0,179.0
2024,Ryan's Lions,SP / RP,Mitch Keller,Pit,3.0,0.0,260.0
2024,Ryan's Lions,RP,Ryan Helsley,StL,5.0,5.0,255.0
2024,David's Devils,C,Keibert Ruiz,Was,5.0,24.0,236.0
2024,David's Devils,1B,Christian Walker,Ari,1.0,44.0,216.0
2024,David's Devils,2B,Luis Arraez,Mia,3.0,41.0,219.0
2024,David's Devils,SS,Oneil Cruz,Pit,1.0,29.0,231.0
2024,David's Devils,3B,Austin Riley,Atl,55.0,145.0,115.0
2024,David's Devils,OF,Fernando Tatis,SD,83.0,45.0,215.0
2024,David's Devils,OF,Jack Suwinski,Pit,1.0,15.0,245.0
2024,David's Devils,OF,Starling Marte,NYM,1.0,14.0,246.0
2024,David's Devils,DH,Shohei Ohtani,LAD,60.0,200.0,60.0
2024,David's Devils,SP,Max Fried,Atl,17.0,128.0,132.0
2024,David's Devils,SP,Bobby Miller,LAD,8.0,16.0,244.0
2024,David's Devils,SP,Kodai Senga,NYM,13.0,0.0,260.0
2024,David's Devils,SP / RP,Jose Alvarado,Phi,1.0,13.0,247.0
2024,David's Devils,RP,Adbert Alzolay,Chi,11.0,30.0,230.0
2024,Jake's Snakes,C,Francisco Alvarez,NYM,11.0,11.0,249.0
2024,Jake's Snakes,1B,Cody Bellinger,Chi,1.0,50.0,210.0
2024,Jake's Snakes,2B,Bryson Stott,Phi,4.0,24.0,236.0
2024,Jake's Snakes,SS,Mookie Betts,LAD,90.0,128.0,132.0
2024,Jake's Snakes,3B,Matt Chapman,SF,1.0,22.0,238.0
2024,Jake's Snakes,OF,Corbin Carroll,Ari,77.0,51.0,209.0
2024,Jake's Snakes,OF,Michael Harris,Atl,22.0,28.0,232.0
2024,Jake's Snakes,OF,Jackson Chourio,Mil,1.0,5.0,255.0
2024,Jake's Snakes,DH,JD Martinez,NYM,1.0,23.0,237.0
2024,Jake's Snakes,SP,Spencer Strider,Atl,42.0,218.0,42.0
2024,Jake's Snakes,SP,Jesus Luzardo,Mia,4.0,7.0,253.0
2024,Jake's Snakes,SP,Luis Severino,NYM,1.0,6.0,254.0
2024,Jake's Snakes,SP / RP,Robert Suarez,SD,4.0,0.0,260.0
2024,Jake's Snakes,RP,Tanner Scott,Mia,1.0,4.0,256.0
2024,Jon's Generals,C,Sean Murphy,Atl,29.0,0.0,260.0
2024,Jon's Generals,1B,Matt Olson,Atl,74.0,186.0,74.0
2024,Jon's Generals,2B,Nico Hoerner,Chi,9.0,157.0,103.0
2024,Jon's Generals,SS,Dansby Swanson,Chi,11.0,61.0,199.0
2024,Jon's Generals,3B,Eugenio Suarez,Ari,5.0,34.0,226.0
2024,Jon's Generals,OF,Iam Happ,Chi,17.0,120.0,140.0
2024,Jon's Generals,OF,Bryan Reynolds,Pit,18.0,97.0,163.0
2024,Jon's Generals,OF,Lane Thomas,Was,22.0,39.0,221.0
2024,Jon's Generals,DH,Jorge Soler,SF,5.0,29.0,231.0
2024,Jon's Generals,SP,Yoshinobu Yamamoto,LAD,20.0,166.0,94.0
2024,Jon's Generals,SP,Yu Darvish,SD,5.0,115.0,145.0
2024,Jon's Generals,SP,Tyler Glasnow,LAD,9.0,88.0,172.0
2024,Jon's Generals,SP / RP,Camilo Doval,SF,16.0,72.0,188.0
2024,Jon's Generals,RP,Paul Sewald,Ari,20.0,137.0,123.0
2025,Forest Rangers,C,J.T. Realmuto,Phi,15.0,58.0,202.0
2025,Forest Rangers,1B,Bryce Harper,Phi,42.0,73.0,187.0
2025,Forest Rangers,2B,Brendan Donovan,StL,1.0,20.0,240.0
2025,Forest Rangers,SS,Trea Turner,Phi,20.0,38.0,222.0
2025,Forest Rangers,3B,Max Muncy,LA,1.0,17.0,243.0
2025,Forest Rangers,OF,Juan Soto,NYM,85.0,175.0,85.0
2025,Forest Rangers,OF,Kyle Tucker,Chi,47.0,128.0,132.0
2025,Forest Rangers,OF,Helliot Ramos,SF,9.0,7.0,253.0
2025,Forest Rangers,DH,Spencer Steer,Cin,13.0,115.0,145.0
2025,Forest Rangers,SP,Dylan Cease,SD,17.0,21.0,239.0
2025,Forest Rangers,SP,Brandon Woodruff,Mil,1.0,6.0,254.0
2025,Forest Rangers,SP,Kodai Senga,NYM,6.0,0.0,260.0
2025,Forest Rangers,SP / RP,Ryan Pressly,Chi,1.0,16.0,244.0
2025,Forest Rangers,RP,Alexis Diaz,Cin,2.0,18.0,242.0
2025,Bert's Bombers,C,Tyler Stephenson,Cin,5.0,96.0,164.0
2025,Bert's Bombers,1B,Freddie Freeman,LA,42.0,188.0,72.0
2025,Bert's Bombers,2B,Nico Hoerner,Chi,26.0,30.0,230.0
2025,Bert's Bombers,SS,Willy Adames,SF,21.0,75.0,185.0
2025,Bert's Bombers,3B,Mark Vientos,NYM,14.0,67.0,193.0
2025,Bert's Bombers,OF,James Wood,Was,3.0,27.0,233.0
2025,Bert's Bombers,OF,Oneil Cruz,Pit,9.0,18.0,242.0
2025,Bert's Bombers,OF,Michael Harris,Atl,2.0,16.0,244.0
2025,Bert's Bombers,DH,Kyle Schwarber,Phi,50.0,115.0,145.0
2025,Bert's Bombers,SP,Zack Wheeler,Phi,30.0,230.0,30.0
2025,Bert's Bombers,SP,Spencer Schwellenbach,AtL,1.0,16.0,244.0
2025,Bert's Bombers,SP,Michael King,SD,15.0,0.0,260.0
2025,Bert's Bombers,SP / RP,Ryan Walker,SF,19.0,56.0,204.0
2025,Bert's Bombers,RP,Ryan Helsley,StL,23.0,165.0,95.0
2025,Charlie's Stars,C,Keibert Ruiz,Was,1.0,0.0,260.0
2025,Charlie's Stars,1B,Rhys Hoskins,Mil,1.0,35.0,225.0
2025,Charlie's Stars,2B,Ozzie Albies,Atl,28.0,232.0,28.0
2025,Charlie's Stars,SS,Dansby Swanson,Chi,5.0,11.0,249.0
2025,Charlie's Stars,3B,Nolan Arenado,StL,3.0,3.0,257.0
2025,Charlie's Stars,OF,Fernando Tatis,SD,56.0,176.0,84.0
2025,Charlie's Stars,OF,Jurickson Profar,Atl,6.0,17.0,243.0
2025,Charlie's Stars,OF,Brenton Doyle,Col,6.0,11.0,249.0
2025,Charlie's Stars,DH,Shohei Ohtani,LA,88.0,88.0,172.0
2025,Charlie's Stars,SP,Paul Skenes,Pit,34.0,54.0,206.0
2025,Charlie's Stars,SP,Shota Imanaga,Chi,18.0,36.0,224.0
2025,Charlie's Stars,SP,Mitch Keller,Pit,1.0,1.0,259.0
2025,Charlie's Stars,SP / RP,Justin Martinez,Ari,1.0,2.0,258.0
2025,Charlie's Stars,RP,David Bednar,Pit,12.0,23.0,237.0
2025,Ryan's Lions,C,Will Smith,LA,30.0,104.0,156.0
2025,Ryan's Lions,1B,Nathaniel Lowe,Was,1.0,80.0,180.0
2025,Ryan's Lions,2B,Bryson Stott,Phi,1.0,1.0,259.0
2025,Ryan's Lions,SS,Francisco Lindor,NYM,48.0,212.0,48.0
2025,Ryan's Lions,3B,Matt Champan,SF,1.0,2.0,258.0
2025,Ryan's Lions,OF,Bryan Reynolds,Pit,24.0,153.0,107.0
2025,Ryan's Lions,OF,Teoscar Herenandez,LA,25.0,55.0,205.0
2025,Ryan's Lions,OF,Lourdes Gurriel,Ari,1.0,0.0,260.0
2025,Ryan's Lions,DH,Marcel Ozuna,Atl,19.0,134.0,126.0
2025,Ryan's Lions,SP,Chris Sale,Atl,35.0,177.0,83.0
2025,Ryan's Lions,SP,Aaron Nola,Phi,23.0,81.0,179.0
2025,Ryan's Lions,SP,Logan Webb,SF,5.0,50.0,210.0
2025,Ryan's Lions,SP / RP,Blake Snell,LA,22.0,28.0,232.0
2025,Ryan's Lions,RP,Robert Suarez,SD,25.0,3.0,257.0
2025,David's Devils,C,Francisco Alvarez,NYM,1.0,11.0,249.0
2025,David's Devils,1B,Pete Alonso,NYM,40.0,220.0,40.0
2025,David's Devils,2B,Ketel Marte,Ari,59.0,49.0,211.0
2025,David's Devils,SS,CJ Abrams,Was,1.0,10.0,250.0
2025,David's Devils,3B,Austin Riley,Atl,21.0,173.0,87.0
2025,David's Devils,OF,Jackson Chourio,Mil,26.0,194.0,66.0
2025,David's Devils,OF,Dylan Crews,Was,1.0,9.0,251.0
2025,David's Devils,OF,Jordan Walker,StL,9.0,0.0,260.0
2025,David's Devils,DH,Seiya Suzuki,Chi,36.0,13.0,247.0
2025,David's Devils,SP,Roki Sasaki,LA,3.0,170.0,90.0
2025,David's Devils,SP,Zac Gallen,Ari,10.0,123.0,137.0
2025,David's Devils,SP,Yoshinobu Yamamoto,LA,15.0,108.0,152.0
2025,David's Devils,SP / RP,Sandy Alcantara,Mia,1.0,12.0,248.0
2025,David's Devils,RP,Edwin Diaz,NYM,37.0,133.0,127.0
2025,Jake's Snakes,C,William Contreras,Mil,41.0,166.0,94.0
2025,Jake's Snakes,1B,Josh Naylor,Ari,9.0,74.0,186.0
2025,Jake's Snakes,2B,Matt McLain,Cin,18.0,148.0,112.0
2025,Jake's Snakes,SS,Mookie Betts,LA,40.0,207.0,53.0
2025,Jake's Snakes,3B,Manny Machado,SD,32.0,116.0,144.0
2025,Jake's Snakes,OF,Jackson Merrill,SD,25.0,91.0,169.0
2025,Jake's Snakes,OF,Brandon Nimmo,NYM,8.0,10.0,250.0
2025,Jake's Snakes,OF,Ronald Acuna,Atl,10.0,0.0,260.0
2025,Jake's Snakes,DH,Christian Yelich,Mil,8.0,83.0,177.0
2025,Jake's Snakes,SP,Spencer Strider,Atl,13.0,247.0,13.0
2025,Jake's Snakes,SP,Corbin Burnes,Ari,12.0,52.0,208.0
2025,Jake's Snakes,SP,Tyler Glasnow,LA,3.0,49.0,211.0
2025,Jake's Snakes,SP / RP,Raisel Iglesias,Atl,31.0,18.0,242.0
2025,Jake's Snakes,RP,Tanner Scott,LA,10.0,64.0,196.0
2025,Jon's Generals,C,Gabriel Moreno,Ari,1.0,29.0,231.0
2025,Jon's Generals,1B,Matt Oloen,Atl,40.0,220.0,40.0
2025,Jon's Generals,2B,Jake Cronenworth,SD,20.0,42.0,218.0
2025,Jon's Generals,SS,Elly De La Cruz,Cin,61.0,74.0,186.0
2025,Jon's Generals,3B,Eugenio Suarez,Ari,12.0,30.0,230.0
2025,Jon's Generals,OF,Corbin Carroll,Ari,66.0,154.0,106.0
2025,Jon's Generals,OF,Ian Happ,Chi,19.0,135.0,125.0
2025,Jon's Generals,OF,Nick Castellanos,Phi,12.0,62.0,198.0
2025,Jon's Generals,DH,Josh Bell,Was,1.0,29.0,231.0
2025,Jon's Generals,SP,Sonny Gray,StL,1.0,27.0,233.0
2025,Jon's Generals,SP,Miles Mikolas,StL,1.0,23.0,237.0
2025,Jon's Generals,SP,Robbie Ray,SF,23.0,0.0,260.0
2025,Jon's Generals,SP / RP,Kyle Finnegan,Was,1.0,24.0,236.0
2025,Jon's Generals,RP,Trevor Megil,Mil,2.0,25.0,235.0
